Workbook

Sheet Data for figure
A1: Figure 1 | B1: unit | C1: kt | D1: 1000 | G1: kt | J1: M CTU | N1: CTU
J2: 1000000
A3: ='factor influence'!W119 -> Final | B3: ='factor influence'!X119 -> 0 | C3: ='factor influence'!Y119 -> 0 | D3: ='factor influence'!Z119 -> 0 | E3: ='factor influence'!AA119 -> 0 | F3: ='factor influence'!AB119 -> 0 | G3: ='factor influence'!AC119 -> 0 | H3: ='factor influence'!AD119 -> 0 | ... T3: ='factor influence'!AP119 -> 0
A4: ='factor influence'!W120 -> Everything Max | B4: ='factor influence'!X120 -> 0 | C4: ='factor influence'!Y120 -> 0 | D4: ='factor influence'!Z120 -> 0 | E4: ='factor influence'!AA120 -> 0 | F4: ='factor influence'!AB120 -> 0 | G4: ='factor influence'!AC120 -> 0 | H4: ='factor influence'!AD120 -> 0 | ... T4: ='factor influence'!AP120 -> 0
A5: ='factor influence'!W121 -> 0 | B5: ='factor influence'!X121 -> Use amount | C5: ='factor influence'!Y121 -> 0 | D5: ='factor influence'!Z121 -> 0 | E5: ='factor influence'!AA121 -> 0 | F5: ='factor influence'!AB121 -> Emission to wastewater | G5: ='factor influence'!AC121 -> 0 | H5: ='factor influence'!AD121 -> 0 | ... T5: ='factor influence'!AP121 -> 0
A6: ='factor influence'!W122 -> 0 | B6: ='factor influence'!X122 -> Electronic | C6: ='factor influence'!Y122 -> Semiconductor | D6: ='factor influence'!Z122 -> Total | E6: ='factor influence'!AA122 -> 0 | F6: ='factor influence'!AB122 -> Electronic | G6: ='factor influence'!AC122 -> Semiconductor | H6: ='factor influence'!AD122 -> Total | ... T6: ='factor influence'!AP122 -> Semiconductor
A7: ='factor influence'!W123 -> 2020 | B7: =('factor influence'!X123)/1000 -> 29.461576 | C7: =('factor influence'!Y123)/1000 -> 0.037635686 | D7: =('factor influence'!Z123)/1000 -> 29.499212 | E7: =('factor influence'!AA123)/1000 -> 0 | F7: =('factor influence'!AB123)/1000 -> 3.8849031 | G7: =('factor influence'!AC123)/1000 -> 0.020549768 | H7: =('factor influence'!AD123)/1000 -> 3.9054528 | I7: ='factor influence'!AE123 -> 0 | J7: ='factor influence'!AF123 -> 38904529 | K7: ='factor influence'!AG123 -> 205791.24 | L7: ='factor influence'!AH123 -> 39110321 | M7: ='factor influence'!AI123 -> 0 | N7: ='factor influence'!AJ123 -> 29347668 | O7: ='factor influence'!AK123 -> 155238.82 | P7: ='factor influence'!AL123 -> 29502907 | ... T7: ='factor influence'!AP123 -> 1.0928425
A8: ='factor influence'!W124 -> 2021 | B8: =('factor influence'!X124)/1000 -> 31.059794 | C8: =('factor influence'!Y124)/1000 -> 0.041129877 | D8: =('factor influence'!Z124)/1000 -> 31.100924 | E8: =('factor influence'!AA124)/1000 -> 0 | F8: =('factor influence'!AB124)/1000 -> 4.0956495 | G8: =('factor influence'!AC124)/1000 -> 0.022457659 | H8: =('factor influence'!AD124)/1000 -> 4.1181071 | I8: ='factor influence'!AE124 -> 0 | J8: ='factor influence'!AF124 -> 41015004 | K8: ='factor influence'!AG124 -> 224897.41 | L8: ='factor influence'!AH124 -> 41239902 | M8: ='factor influence'!AI124 -> 0 | N8: ='factor influence'!AJ124 -> 30939706 | O8: ='factor influence'!AK124 -> 169651.57 | P8: ='factor influence'!AL124 -> 31109358 | ... T8: ='factor influence'!AP124 -> 1.0928425
A9: ='factor influence'!W125 -> 2022 | B9: =('factor influence'!X125)/1000 -> 32.744711 | C9: =('factor influence'!Y125)/1000 -> 0.044948476 | D9: =('factor influence'!Z125)/1000 -> 32.78966 | E9: =('factor influence'!AA125)/1000 -> 0 | F9: =('factor influence'!AB125)/1000 -> 4.3178284 | G9: =('factor influence'!AC125)/1000 -> 0.024542683 | H9: =('factor influence'!AD125)/1000 -> 4.3423711 | I9: ='factor influence'!AE125 -> 0 | J9: ='factor influence'!AF125 -> 43239967 | K9: ='factor influence'!AG125 -> 245777.44 | L9: ='factor influence'!AH125 -> 43485744 | M9: ='factor influence'!AI125 -> 0 | N9: ='factor influence'!AJ125 -> 32618109 | O9: ='factor influence'!AK125 -> 185402.44 | P9: ='factor influence'!AL125 -> 32803512 | ... T9: ='factor influence'!AP125 -> 1.0928425
A10: ='factor influence'!W126 -> 2023 | B10: =('factor influence'!X126)/1000 -> 34.521031 | C10: =('factor influence'!Y126)/1000 -> 0.049121603 | D10: =('factor influence'!Z126)/1000 -> 34.570153 | E10: =('factor influence'!AA126)/1000 -> 0 | F10: =('factor influence'!AB126)/1000 -> 4.5520599 | G10: =('factor influence'!AC126)/1000 -> 0.026821287 | H10: =('factor influence'!AD126)/1000 -> 4.5788812 | I10: ='factor influence'!AE126 -> 0 | J10: ='factor influence'!AF126 -> 45585628 | K10: ='factor influence'!AG126 -> 268596.03 | L10: ='factor influence'!AH126 -> 45854224 | M10: ='factor influence'!AI126 -> 0 | N10: ='factor influence'!AJ126 -> 34387561 | O10: ='factor influence'!AK126 -> 202615.66 | P10: ='factor influence'!AL126 -> 34590177 | ... T10: ='factor influence'!AP126 -> 1.0928425
A11: ='factor influence'!W127 -> 2024 | B11: =('factor influence'!X127)/1000 -> 36.393712 | C11: =('factor influence'!Y127)/1000 -> 0.053682175 | D11: =('factor influence'!Z127)/1000 -> 36.447394 | E11: =('factor influence'!AA127)/1000 -> 0 | F11: =('factor influence'!AB127)/1000 -> 4.7989979 | G11: =('factor influence'!AC127)/1000 -> 0.029311441 | H11: =('factor influence'!AD127)/1000 -> 4.8283094 | I11: ='factor influence'!AE127 -> 0 | J11: ='factor influence'!AF127 -> 48058536 | K11: ='factor influence'!AG127 -> 293533.15 | L11: ='factor influence'!AH127 -> 48352069 | M11: ='factor influence'!AI127 -> 0 | N11: ='factor influence'!AJ127 -> 36253001 | O11: ='factor influence'!AK127 -> 221427 | P11: ='factor influence'!AL127 -> 36474428 | ... T11: ='factor influence'!AP127 -> 1.0928425
A12: ='factor influence'!W128 -> 2025 | B12: =('factor influence'!X128)/1000 -> 38.367981 | C12: =('factor influence'!Y128)/1000 -> 0.05866616 | D12: =('factor influence'!Z128)/1000 -> 38.426647 | E12: =('factor influence'!AA128)/1000 -> 0 | F12: =('factor influence'!AB128)/1000 -> 5.0593317 | G12: =('factor influence'!AC128)/1000 -> 0.032032788 | H12: =('factor influence'!AD128)/1000 -> 5.0913645 | I12: ='factor influence'!AE128 -> 0 | J12: ='factor influence'!AF128 -> 50665593 | K12: ='factor influence'!AG128 -> 320785.49 | L12: ='factor influence'!AH128 -> 50986379 | M12: ='factor influence'!AI128 -> 0 | N12: ='factor influence'!AJ128 -> 38219637 | O12: ='factor influence'!AK128 -> 241984.83 | P12: ='factor influence'!AL128 -> 38461622 | ... T12: ='factor influence'!AP128 -> 1.149
A13: ='factor influence'!W129 -> 2026 | B13: =('factor influence'!X129)/1000 -> 41.379867 | C13: =('factor influence'!Y129)/1000 -> 0.067407418 | D13: =('factor influence'!Z129)/1000 -> 41.447275 | E13: =('factor influence'!AA129)/1000 -> 0 | F13: =('factor influence'!AB129)/1000 -> 5.4564893 | G13: =('factor influence'!AC129)/1000 -> 0.036805673 | H13: =('factor influence'!AD129)/1000 -> 5.4932949 | I13: ='factor influence'!AE129 -> 0 | J13: ='factor influence'!AF129 -> 54642842 | K13: ='factor influence'!AG129 -> 368582.53 | L13: ='factor influence'!AH129 -> 55011425 | M13: ='factor influence'!AI129 -> 0 | N13: ='factor influence'!AJ129 -> 41219879 | O13: ='factor influence'!AK129 -> 278040.57 | P13: ='factor influence'!AL129 -> 41497919 | ... T13: ='factor influence'!AP129 -> 1.149
A14: ='factor influence'!W130 -> 2027 | B14: =('factor influence'!X130)/1000 -> 44.628187 | C14: =('factor influence'!Y130)/1000 -> 0.077451123 | D14: =('factor influence'!Z130)/1000 -> 44.705638 | E14: =('factor influence'!AA130)/1000 -> 0 | F14: =('factor influence'!AB130)/1000 -> 5.8848237 | G14: =('factor influence'!AC130)/1000 -> 0.042289719 | H14: =('factor influence'!AD130)/1000 -> 5.9271134 | I14: ='factor influence'!AE130 -> 0 | J14: ='factor influence'!AF130 -> 58932306 | K14: ='factor influence'!AG130 -> 423501.33 | L14: ='factor influence'!AH130 -> 59355807 | M14: ='factor influence'!AI130 -> 0 | N14: ='factor influence'!AJ130 -> 44455639 | O14: ='factor influence'!AK130 -> 319468.62 | P14: ='factor influence'!AL130 -> 44775108 | ... T14: ='factor influence'!AP130 -> 1.149
A15: ='factor influence'!W131 -> 2028 | B15: =('factor influence'!X131)/1000 -> 48.1315 | C15: =('factor influence'!Y131)/1000 -> 0.088991341 | D15: =('factor influence'!Z131)/1000 -> 48.220491 | E15: =('factor influence'!AA131)/1000 -> 0 | F15: =('factor influence'!AB131)/1000 -> 6.3467823 | G15: =('factor influence'!AC131)/1000 -> 0.048590887 | H15: =('factor influence'!AD131)/1000 -> 6.3953732 | I15: ='factor influence'!AE131 -> 0 | J15: ='factor influence'!AF131 -> 63558492 | K15: ='factor influence'!AG131 -> 486603.02 | L15: ='factor influence'!AH131 -> 64045095 | M15: ='factor influence'!AI131 -> 0 | N15: ='factor influence'!AJ131 -> 47945407 | O15: ='factor influence'!AK131 -> 367069.44 | P15: ='factor influence'!AL131 -> 48312476 | ... T15: ='factor influence'!AP131 -> 1.149
A16: ='factor influence'!W132 -> 2029 | B16: =('factor influence'!X132)/1000 -> 51.909822 | C16: =('factor influence'!Y132)/1000 -> 0.10225105 | D16: =('factor influence'!Z132)/1000 -> 52.012073 | E16: =('factor influence'!AA132)/1000 -> 0 | F16: =('factor influence'!AB132)/1000 -> 6.8450047 | G16: =('factor influence'!AC132)/1000 -> 0.055830929 | H16: =('factor influence'!AD132)/1000 -> 6.9008357 | I16: ='factor influence'!AE132 -> 0 | J16: ='factor influence'!AF132 -> 68547833 | K16: ='factor influence'!AG132 -> 559106.87 | L16: ='factor influence'!AH132 -> 69106940 | M16: ='factor influence'!AI132 -> 0 | N16: ='factor influence'!AJ132 -> 51709121 | O16: ='factor influence'!AK132 -> 421762.79 | P16: ='factor influence'!AL132 -> 52130884 | ... T16: ='factor influence'!AP132 -> 1.149
A17: ='factor influence'!W133 -> 2030 | B17: =('factor influence'!X133)/1000 -> 55.984743 | C17: =('factor influence'!Y133)/1000 -> 0.11748646 | D17: =('factor influence'!Z133)/1000 -> 56.10223 | E17: =('factor influence'!AA133)/1000 -> 0 | F17: =('factor influence'!AB133)/1000 -> 7.3823376 | G17: =('factor influence'!AC133)/1000 -> 0.064149737 | H17: =('factor influence'!AD133)/1000 -> 7.4464873 | I17: ='factor influence'!AE133 -> 0 | J17: ='factor influence'!AF133 -> 73928838 | K17: ='factor influence'!AG133 -> 642413.8 | L17: ='factor influence'!AH133 -> 74571252 | M17: ='factor influence'!AI133 -> 0 | N17: ='factor influence'!AJ133 -> 55768288 | O17: ='factor influence'!AK133 -> 484605.44 | P17: ='factor influence'!AL133 -> 56252893 | ... T17: ='factor influence'!AP133 -> 1.149
A18: ='factor influence'!W134 -> 2031 | B18: =('factor influence'!X134)/1000 -> 60.379546 | C18: =('factor influence'!Y134)/1000 -> 0.13499194 | D18: =('factor influence'!Z134)/1000 -> 60.514538 | E18: =('factor influence'!AA134)/1000 -> 0 | F18: =('factor influence'!AB134)/1000 -> 7.9618511 | G18: =('factor influence'!AC134)/1000 -> 0.073708048 | H18: =('factor influence'!AD134)/1000 -> 8.0355592 | I18: ='factor influence'!AE134 -> 0 | J18: ='factor influence'!AF134 -> 79732252 | K18: ='factor influence'!AG134 -> 738133.45 | L18: ='factor influence'!AH134 -> 80470385 | M18: ='factor influence'!AI134 -> 0 | N18: ='factor influence'!AJ134 -> 60146098 | O18: ='factor influence'!AK134 -> 556811.66 | P18: ='factor influence'!AL134 -> 60702910 | ... T18: ='factor influence'!AP134 -> 1.149
... A24: ='factor influence'!W140 -> Final | B24: =('factor influence'!X140)/1000 -> 0 | C24: =('factor influence'!Y140)/1000 -> 0 | D24: =('factor influence'!Z140)/1000 -> 0 | E24: =('factor influence'!AA140)/1000 -> 0 | F24: =('factor influence'!AB140)/1000 -> 0 | G24: =('factor influence'!AC140)/1000 -> 0 | H24: =('factor influence'!AD140)/1000 -> 0 | I24: ='factor influence'!AE140 -> 0 | J24: ='factor influence'!AF140 -> 0 | K24: ='factor influence'!AG140 -> 0 | L24: ='factor influence'!AH140 -> 0 | M24: ='factor influence'!AI140 -> 0 | N24: ='factor influence'!AJ140 -> 0 | O24: ='factor influence'!AK140 -> 0 | P24: ='factor influence'!AL140 -> 0 | ... T24: ='factor influence'!AP140 -> 0
A25: ='factor influence'!W141 -> Everything Min | B25: =('factor influence'!X141)/1000 -> 0 | C25: =('factor influence'!Y141)/1000 -> 0 | D25: =('factor influence'!Z141)/1000 -> 0 | E25: =('factor influence'!AA141)/1000 -> 0 | F25: =('factor influence'!AB141)/1000 -> 0 | G25: =('factor influence'!AC141)/1000 -> 0 | H25: =('factor influence'!AD141)/1000 -> 0 | I25: ='factor influence'!AE141 -> 0 | J25: ='factor influence'!AF141 -> 0 | K25: ='factor influence'!AG141 -> 0 | L25: ='factor influence'!AH141 -> 0 | M25: ='factor influence'!AI141 -> 0 | N25: ='factor influence'!AJ141 -> 0 | O25: ='factor influence'!AK141 -> 0 | P25: ='factor influence'!AL141 -> 0 | ... T25: ='factor influence'!AP141 -> 0 | W25: 2025 | X25: 36.5801 | Y25: 1.84655 | Z25: -1.68031 | AA25: 0 | AB25: 0 | AC25: 0.04889 | AD25: 0.00978 | AE25: -0.00978
A26: ='factor influence'!W142 -> 0 | B26: =('factor influence'!X142)/1000 -> #VALUE! | C26: =('factor influence'!Y142)/1000 -> 0 | D26: =('factor influence'!Z142)/1000 -> 0 | E26: =('factor influence'!AA142)/1000 -> 0 | F26: =('factor influence'!AB142)/1000 -> #VALUE! | G26: =('factor influence'!AC142)/1000 -> 0 | H26: =('factor influence'!AD142)/1000 -> 0 | I26: ='factor influence'!AE142 -> 0 | J26: ='factor influence'!AF142 -> toxicity influence | K26: ='factor influence'!AG142 -> 0 | L26: ='factor influence'!AH142 -> 0 | M26: ='factor influence'!AI142 -> 0 | N26: ='factor influence'!AJ142 -> toxicity influence | O26: ='factor influence'!AK142 -> 0 | P26: ='factor influence'!AL142 -> 0 | ... T26: ='factor influence'!AP142 -> 0 | W26: 2027 | X26: 41.57373 | Y26: 3.13191 | Z26: -2.59395 | AA26: 0 | AB26: 0 | AC26: 0.06127 | AD26: 0.01618 | AE26: -0.0148
A27: ='factor influence'!W143 -> 0 | B27: =('factor influence'!X143)/1000 -> #VALUE! | C27: =('factor influence'!Y143)/1000 -> #VALUE! | D27: =('factor influence'!Z143)/1000 -> #VALUE! | E27: =('factor influence'!AA143)/1000 -> 0 | F27: =('factor influence'!AB143)/1000 -> #VALUE! | G27: =('factor influence'!AC143)/1000 -> #VALUE! | H27: =('factor influence'!AD143)/1000 -> #VALUE! | I27: ='factor influence'!AE143 -> 0 | J27: ='factor influence'!AF143 -> Electronic | K27: ='factor influence'!AG143 -> Semiconductor | L27: ='factor influence'!AH143 -> Total | M27: ='factor influence'!AI143 -> 0 | N27: ='factor influence'!AJ143 -> Electronic | O27: ='factor influence'!AK143 -> Semiconductor | P27: ='factor influence'!AL143 -> Total | ... T27: ='factor influence'!AP143 -> Semiconductor | W27: 2029 | X27: 47.24972 | Y27: 4.76235 | Z27: -3.71276 | AA27: 0 | AB27: 0 | AC27: 0.07679 | AD27: 0.02546 | AE27: -0.02158
A28: ='factor influence'!W144 -> 2020 | B28: =('factor influence'!X144)/1000 -> 26.768425 | C28: =('factor influence'!Y144)/1000 -> 0.025090458 | D28: =('factor influence'!Z144)/1000 -> 26.793515 | E28: =('factor influence'!AA144)/1000 -> 0 | F28: =('factor influence'!AB144)/1000 -> 1.9283648 | G28: =('factor influence'!AC144)/1000 -> 0.010125972 | H28: =('factor influence'!AD144)/1000 -> 1.9384908 | I28: ='factor influence'!AE144 -> 0 | J28: ='factor influence'!AF144 -> 19311196 | K28: ='factor influence'!AG144 -> 101404.38 | L28: ='factor influence'!AH144 -> 19412601 | M28: ='factor influence'!AI144 -> 0 | N28: ='factor influence'!AJ144 -> 14567419 | O28: ='factor influence'!AK144 -> 76494.489 | P28: ='factor influence'!AL144 -> 14643913 | ... T28: ='factor influence'!AP144 -> 1.0928425 | W28: 2031 | X28: 53.70148 | Y28: 6.81305 | Z28: -5.07433 | AA28: 0 | AB28: 0 | AC28: 0.09624 | AD28: 0.03875 | AE28: -0.03065
A29: ='factor influence'!W145 -> 2021 | B29: =('factor influence'!X145)/1000 -> 28.220546 | C29: =('factor influence'!Y145)/1000 -> 0.027419918 | D29: =('factor influence'!Z145)/1000 -> 28.247966 | E29: =('factor influence'!AA145)/1000 -> 0 | F29: =('factor influence'!AB145)/1000 -> 2.0329738 | G29: =('factor influence'!AC145)/1000 -> 0.011066093 | H29: =('factor influence'!AD145)/1000 -> 2.0440399 | I29: ='factor influence'!AE145 -> 0 | J29: ='factor influence'!AF145 -> 20358781 | K29: ='factor influence'!AG145 -> 110819.01 | L29: ='factor influence'!AH145 -> 20469600 | M29: ='factor influence'!AI145 -> 0 | N29: ='factor influence'!AJ145 -> 15357665 | O29: ='factor influence'!AK145 -> 83596.427 | P29: ='factor influence'!AL145 -> 15441262 | ... T29: ='factor influence'!AP145 -> 1.0928425 | W29: 2033 | X29: 61.03526 | Y29: 9.37417 | Z29: -6.7225 | AA29: 0 | AB29: 0 | AC29: 0.12061 | AD29: 0.0576 | AE29: -0.04268
A30: ='factor influence'!W146 -> 2022 | B30: =('factor influence'!X146)/1000 -> 29.751441 | C30: =('factor influence'!Y146)/1000 -> 0.029965651 | D30: =('factor influence'!Z146)/1000 -> 29.781407 | E30: =('factor influence'!AA146)/1000 -> 0 | F30: =('factor influence'!AB146)/1000 -> 2.1432577 | G30: =('factor influence'!AC146)/1000 -> 0.012093496 | H30: =('factor influence'!AD146)/1000 -> 2.1553512 | I30: ='factor influence'!AE146 -> 0 | J30: ='factor influence'!AF146 -> 21463195 | K30: ='factor influence'!AG146 -> 121107.73 | L30: ='factor influence'!AH146 -> 21584302 | M30: ='factor influence'!AI146 -> 0 | N30: ='factor influence'!AJ146 -> 16190781 | O30: ='factor influence'!AK146 -> 91357.725 | P30: ='factor influence'!AL146 -> 16282138 | ... T30: ='factor influence'!AP146 -> 1.0928425 | W30: 2035 | X30: 69.37188 | Y30: 12.55369 | Z30: -8.70842 | AA30: 0 | AB30: 0 | AC30: 0.15116 | AD30: 0.08412 | AE30: -0.05857
A31: ='factor influence'!W147 -> 2023 | B31: =('factor influence'!X147)/1000 -> 31.365383 | C31: =('factor influence'!Y147)/1000 -> 0.032747736 | D31: =('factor influence'!Z147)/1000 -> 31.398131 | E31: =('factor influence'!AA147)/1000 -> 0 | F31: =('factor influence'!AB147)/1000 -> 2.2595241 | G31: =('factor influence'!AC147)/1000 -> 0.013216286 | H31: =('factor influence'!AD147)/1000 -> 2.2727404 | I31: ='factor influence'!AE147 -> 0 | J31: ='factor influence'!AF147 -> 22627520 | K31: ='factor influence'!AG147 -> 132351.67 | L31: ='factor influence'!AH147 -> 22759872 | M31: ='factor influence'!AI147 -> 0 | N31: ='factor influence'!AJ147 -> 17069091 | O31: ='factor influence'!AK147 -> 99839.602 | P31: ='factor influence'!AL147 -> 17168930 | ... T31: ='factor influence'!AP147 -> 1.0928425
A32: ='factor influence'!W148 -> 2024 | B32: =('factor influence'!X148)/1000 -> 33.066878 | C32: =('factor influence'!Y148)/1000 -> 0.035788116 | D32: =('factor influence'!Z148)/1000 -> 33.102666 | E32: =('factor influence'!AA148)/1000 -> 0 | F32: =('factor influence'!AB148)/1000 -> 2.3820977 | G32: =('factor influence'!AC148)/1000 -> 0.014443319 | H32: =('factor influence'!AD148)/1000 -> 2.396541 | I32: ='factor influence'!AE148 -> 0 | J32: ='factor influence'!AF148 -> 23855007 | K32: ='factor influence'!AG148 -> 144639.52 | L32: ='factor influence'!AH148 -> 23999647 | M32: ='factor influence'!AI148 -> 0 | N32: ='factor influence'!AJ148 -> 17995047 | O32: ='factor influence'!AK148 -> 109108.96 | P32: ='factor influence'!AL148 -> 18104156 | ... T32: ='factor influence'!AP148 -> 1.0928425
A33: ='factor influence'!W149 -> 2025 | B33: =('factor influence'!X149)/1000 -> 34.860674 | C33: =('factor influence'!Y149)/1000 -> 0.039110773 | D33: =('factor influence'!Z149)/1000 -> 34.899785 | E33: =('factor influence'!AA149)/1000 -> 0 | F33: =('factor influence'!AB149)/1000 -> 2.5113206 | G33: =('factor influence'!AC149)/1000 -> 0.015784272 | H33: =('factor influence'!AD149)/1000 -> 2.5271049 | I33: ='factor influence'!AE149 -> 0 | J33: ='factor influence'!AF149 -> 25149082 | K33: ='factor influence'!AG149 -> 158068.21 | L33: ='factor influence'!AH149 -> 25307151 | M33: ='factor influence'!AI149 -> 0 | N33: ='factor influence'!AJ149 -> 18971234 | O33: ='factor influence'!AK149 -> 119238.9 | P33: ='factor influence'!AL149 -> 19090473 | ... T33: ='factor influence'!AP149 -> 1.149
A34: ='factor influence'!W150 -> 2026 | B34: =('factor influence'!X150)/1000 -> 36.840761 | C34: =('factor influence'!Y150)/1000 -> 0.042630743 | D34: =('factor influence'!Z150)/1000 -> 36.883391 | E34: =('factor influence'!AA150)/1000 -> 0 | F34: =('factor influence'!AB150)/1000 -> 2.6539636 | G34: =('factor influence'!AC150)/1000 -> 0.017204857 | H34: =('factor influence'!AD150)/1000 -> 2.6711685 | I34: ='factor influence'!AE150 -> 0 | J34: ='factor influence'!AF150 -> 26577550 | K34: ='factor influence'!AG150 -> 172294.35 | L34: ='factor influence'!AH150 -> 26749845 | M34: ='factor influence'!AI150 -> 0 | N34: ='factor influence'!AJ150 -> 20048800 | O34: ='factor influence'!AK150 -> 129970.4 | P34: ='factor influence'!AL150 -> 20178770 | ... T34: ='factor influence'!AP150 -> 1.149
A35: ='factor influence'!W151 -> 2027 | B35: =('factor influence'!X151)/1000 -> 38.933316 | C35: =('factor influence'!Y151)/1000 -> 0.04646751 | D35: =('factor influence'!Z151)/1000 -> 38.979783 | E35: =('factor influence'!AA151)/1000 -> 0 | F35: =('factor influence'!AB151)/1000 -> 2.8047088 | G35: =('factor influence'!AC151)/1000 -> 0.018753294 | H35: =('factor influence'!AD151)/1000 -> 2.8234621 | I35: ='factor influence'!AE151 -> 0 | J35: ='factor influence'!AF151 -> 28087155 | K35: ='factor influence'!AG151 -> 187800.84 | L35: ='factor influence'!AH151 -> 28274956 | M35: ='factor influence'!AI151 -> 0 | N35: ='factor influence'!AJ151 -> 21187572 | O35: ='factor influence'!AK151 -> 141667.74 | P35: ='factor influence'!AL151 -> 21329239 | ... T35: ='factor influence'!AP151 -> 1.149
A36: ='factor influence'!W152 -> 2028 | B36: =('factor influence'!X152)/1000 -> 41.144728 | C36: =('factor influence'!Y152)/1000 -> 0.050649586 | D36: =('factor influence'!Z152)/1000 -> 41.195378 | E36: =('factor influence'!AA152)/1000 -> 0 | F36: =('factor influence'!AB152)/1000 -> 2.9640162 | G36: =('factor influence'!AC152)/1000 -> 0.02044109 | H36: =('factor influence'!AD152)/1000 -> 2.9844573 | I36: ='factor influence'!AE152 -> 0 | J36: ='factor influence'!AF152 -> 29682506 | K36: ='factor influence'!AG152 -> 204702.92 | L36: ='factor influence'!AH152 -> 29887208 | M36: ='factor influence'!AI152 -> 0 | N36: ='factor influence'!AJ152 -> 22391026 | O36: ='factor influence'!AK152 -> 154417.84 | P36: ='factor influence'!AL152 -> 22545443 | ... T36: ='factor influence'!AP152 -> 1.149
A37: ='factor influence'!W153 -> 2029 | B37: =('factor influence'!X153)/1000 -> 43.481749 | C37: =('factor influence'!Y153)/1000 -> 0.055208049 | D37: =('factor influence'!Z153)/1000 -> 43.536957 | E37: =('factor influence'!AA153)/1000 -> 0 | F37: =('factor influence'!AB153)/1000 -> 3.1323724 | G37: =('factor influence'!AC153)/1000 -> 0.022280789 | H37: =('factor influence'!AD153)/1000 -> 3.1546532 | I37: ='factor influence'!AE153 -> 0 | J37: ='factor influence'!AF153 -> 31368472 | K37: ='factor influence'!AG153 -> 223126.18 | L37: ='factor influence'!AH153 -> 31591598 | M37: ='factor influence'!AI153 -> 0 | N37: ='factor influence'!AJ153 -> 23662836 | O37: ='factor influence'!AK153 -> 168315.44 | P37: ='factor influence'!AL153 -> 23831151 | ... T37: ='factor influence'!AP153 -> 1.149
A38: ='factor influence'!W154 -> 2030 | B38: =('factor influence'!X154)/1000 -> 45.951512 | C38: =('factor influence'!Y154)/1000 -> 0.060176773 | D38: =('factor influence'!Z154)/1000 -> 46.011689 | E38: =('factor influence'!AA154)/1000 -> 0 | F38: =('factor influence'!AB154)/1000 -> 3.3102911 | G38: =('factor influence'!AC154)/1000 -> 0.02428606 | H38: =('factor influence'!AD154)/1000 -> 3.3345772 | I38: ='factor influence'!AE154 -> 0 | J38: ='factor influence'!AF154 -> 33150201 | K38: ='factor influence'!AG154 -> 243207.54 | L38: ='factor influence'!AH154 -> 33393409 | M38: ='factor influence'!AI154 -> 0 | N38: ='factor influence'!AJ154 -> 25006885 | O38: ='factor influence'!AK154 -> 183463.83 | P38: ='factor influence'!AL154 -> 25190349 | ... T38: ='factor influence'!AP154 -> 1.149
A39: ='factor influence'!W155 -> 2031 | B39: =('factor influence'!X155)/1000 -> 48.561558 | C39: =('factor influence'!Y155)/1000 -> 0.065592683 | D39: =('factor influence'!Z155)/1000 -> 48.627151 | E39: =('factor influence'!AA155)/1000 -> 0 | F39: =('factor influence'!AB155)/1000 -> 3.4983157 | G39: =('factor influence'!AC155)/1000 -> 0.026471805 | H39: =('factor influence'!AD155)/1000 -> 3.5247875 | I39: ='factor influence'!AE155 -> 0 | J39: ='factor influence'!AF155 -> 35033132 | K39: ='factor influence'!AG155 -> 265096.22 | L39: ='factor influence'!AH155 -> 35298229 | M39: ='factor influence'!AI155 -> 0 | N39: ='factor influence'!AJ155 -> 26427276 | O39: ='factor influence'!AK155 -> 199975.58 | P39: ='factor influence'!AL155 -> 26627252 | ... T39: ='factor influence'!AP155 -> 1.149 | W39: 2025 | X39: 36.5801 | Y39: 1.84655 | Z39: -1.68031 | AA39: 0 | AB39: 0 | AC39: 0.04889 | AD39: 0.00978 | AE39: -0.00978
A40: ='factor influence'!W156 -> 2032 | B40: =('factor influence'!X156)/1000 -> 51.319855 | C40: =('factor influence'!Y156)/1000 -> 0.071496024 | D40: =('factor influence'!Z156)/1000 -> 51.391351 | E40: =('factor influence'!AA156)/1000 -> 0 | F40: =('factor influence'!AB156)/1000 -> 3.69702 | G40: =('factor influence'!AC156)/1000 -> 0.028854267 | H40: =('factor influence'!AD156)/1000 -> 3.7258742 | I40: ='factor influence'!AE156 -> 0 | J40: ='factor influence'!AF156 -> 37023014 | K40: ='factor influence'!AG156 -> 288954.88 | L40: ='factor influence'!AH156 -> 37311969 | M40: ='factor influence'!AI156 -> 0 | N40: ='factor influence'!AJ156 -> 27928345 | O40: ='factor influence'!AK156 -> 217973.38 | P40: ='factor influence'!AL156 -> 28146319 | ... T40: ='factor influence'!AP156 -> 1.149 | W40: 2026 | X40: 38.997 | Y40: 2.45028 | Z40: -2.11361 | AA40: 0 | AB40: 0 | AC40: 0.05473 | AD40: 0.01268 | AE40: -0.0121
A41: ='factor influence'!W157 -> 2033 | B41: =('factor influence'!X157)/1000 -> 54.234822 | C41: =('factor influence'!Y157)/1000 -> 0.077930666 | D41: =('factor influence'!Z157)/1000 -> 54.312753 | E41: =('factor influence'!AA157)/1000 -> 0 | F41: =('factor influence'!AB157)/1000 -> 3.9070107 | G41: =('factor influence'!AC157)/1000 -> 0.031451151 | H41: =('factor influence'!AD157)/1000 -> 3.9384619 | I41: ='factor influence'!AE157 -> 0 | J41: ='factor influence'!AF157 -> 39125922 | K41: ='factor influence'!AG157 -> 314960.82 | L41: ='factor influence'!AH157 -> 39440882 | M41: ='factor influence'!AI157 -> 0 | N41: ='factor influence'!AJ157 -> 29514675 | O41: ='factor influence'!AK157 -> 237590.98 | P41: ='factor influence'!AL157 -> 29752266 | ... T41: ='factor influence'!AP157 -> 1.149 | W41: 2027 | X41: 41.57373 | Y41: 3.13191 | Z41: -2.59395 | AA41: 0 | AB41: 0 | AC41: 0.06127 | AD41: 0.01618 | AE41: -0.0148
A42: ='factor influence'!W158 -> 2034 | B42: =('factor influence'!X158)/1000 -> 57.31536 | C42: =('factor influence'!Y158)/1000 -> 0.084944426 | D42: =('factor influence'!Z158)/1000 -> 57.400305 | E42: =('factor influence'!AA158)/1000 -> 0 | F42: =('factor influence'!AB158)/1000 -> 4.1289289 | G42: =('factor influence'!AC158)/1000 -> 0.034281755 | H42: =('factor influence'!AD158)/1000 -> 4.1632107 | I42: ='factor influence'!AE158 -> 0 | J42: ='factor influence'!AF158 -> 41348274 | K42: ='factor influence'!AG158 -> 343307.29 | L42: ='factor influence'!AH158 -> 41691581 | M42: ='factor influence'!AI158 -> 0 | N42: ='factor influence'!AJ158 -> 31191109 | O42: ='factor influence'!AK158 -> 258974.17 | P42: ='factor influence'!AL158 -> 31450083 | ... T42: ='factor influence'!AP158 -> 1.149 | W42: 2028 | X42: 44.32087 | Y42: 3.89962 | Z42: -3.1255 | AA42: 0 | AB42: 0 | AC42: 0.06859 | AD42: 0.0204 | AE42: -0.01794
A43: ='factor influence'!W159 -> 2035 | B43: =('factor influence'!X159)/1000 -> 60.570873 | C43: =('factor influence'!Y159)/1000 -> 0.092589424 | D43: =('factor influence'!Z159)/1000 -> 60.663462 | E43: =('factor influence'!AA159)/1000 -> 0 | F43: =('factor influence'!AB159)/1000 -> 4.3634521 | G43: =('factor influence'!AC159)/1000 -> 0.037367113 | H43: =('factor influence'!AD159)/1000 -> 4.4008192 | I43: ='factor influence'!AE159 -> 0 | J43: ='factor influence'!AF159 -> 43696856 | K43: ='factor influence'!AG159 -> 374204.95 | L43: ='factor influence'!AH159 -> 44071061 | M43: ='factor influence'!AI159 -> 0 | N43: ='factor influence'!AJ159 -> 32962764 | O43: ='factor influence'!AK159 -> 282281.85 | P43: ='factor influence'!AL159 -> 33245046 | ... T43: ='factor influence'!AP159 -> 1.149 | W43: 2029 | X43: 47.24972 | Y43: 4.76235 | Z43: -3.71276 | AA43: 0 | AB43: 0 | AC43: 0.07679 | AD43: 0.02546 | AE43: -0.02158
A44: ='factor influence'!W160 -> 0 | B44: =('factor influence'!X160)/1000 -> 0 | C44: =('factor influence'!Y160)/1000 -> 0 | D44: =('factor influence'!Z160)/1000 -> 0 | E44: =('factor influence'!AA160)/1000 -> 0 | F44: =('factor influence'!AB160)/1000 -> 0 | G44: =('factor influence'!AC160)/1000 -> 0 | H44: =('factor influence'!AD160)/1000 -> 0 | I44: ='factor influence'!AE160 -> 0 | J44: ='factor influence'!AF160 -> 0 | K44: ='factor influence'!AG160 -> 0 | L44: ='factor influence'!AH160 -> 0 | M44: ='factor influence'!AI160 -> 0 | N44: ='factor influence'!AJ160 -> 0 | O44: ='factor influence'!AK160 -> 0 | P44: ='factor influence'!AL160 -> 0 | ... T44: ='factor influence'!AP160 -> 0 | W44: 2030 | X44: 50.37231 | Y44: 5.72992 | Z44: -4.36062 | AA44: 0 | AB44: 0 | AC44: 0.08597 | AD44: 0.03152 | AE44: -0.02579
A45: ='factor influence'!W161 -> 0 | B45: =('factor influence'!X161)/1000 -> 0 | C45: =('factor influence'!Y161)/1000 -> 0 | D45: =('factor influence'!Z161)/1000 -> 0 | E45: =('factor influence'!AA161)/1000 -> 0 | F45: =('factor influence'!AB161)/1000 -> 0 | G45: =('factor influence'!AC161)/1000 -> 0 | H45: =('factor influence'!AD161)/1000 -> 0 | I45: ='factor influence'!AE161 -> 0 | J45: ='factor influence'!AF161 -> 0 | K45: ='factor influence'!AG161 -> 0 | L45: ='factor influence'!AH161 -> 0 | M45: ='factor influence'!AI161 -> 0 | N45: ='factor influence'!AJ161 -> 0 | O45: ='factor influence'!AK161 -> 0 | P45: ='factor influence'!AL161 -> 0 | ... T45: ='factor influence'!AP161 -> 0 | W45: 2031 | X45: 53.70148 | Y45: 6.81305 | Z45: -5.07433 | AA45: 0 | AB45: 0 | AC45: 0.09624 | AD45: 0.03875 | AE45: -0.03065
A46: ='factor influence'!W162 -> Common Results | B46: =('factor influence'!X162)/1000 -> 0 | C46: =('factor influence'!Y162)/1000 -> 0 | D46: =('factor influence'!Z162)/1000 -> 0 | E46: =('factor influence'!AA162)/1000 -> 0 | F46: =('factor influence'!AB162)/1000 -> 0 | G46: =('factor influence'!AC162)/1000 -> 0 | H46: =('factor influence'!AD162)/1000 -> 0 | I46: ='factor influence'!AE162 -> 0 | J46: ='factor influence'!AF162 -> 0 | K46: ='factor influence'!AG162 -> 0 | L46: ='factor influence'!AH162 -> 0 | M46: ='factor influence'!AI162 -> 0 | N46: ='factor influence'!AJ162 -> 0 | O46: ='factor influence'!AK162 -> 0 | P46: ='factor influence'!AL162 -> 0 | ... T46: ='factor influence'!AP162 -> 0 | W46: 2032 | X46: 57.25093 | Y46: 8.02352 | Z46: -5.85958 | AA46: 0 | AB46: 0 | AC46: 0.10774 | AD46: 0.04737 | AE46: -0.03624
A47: ='factor influence'!W163 -> 0 | B47: =('factor influence'!X163)/1000 -> #VALUE! | C47: =('factor influence'!Y163)/1000 -> 0 | D47: =('factor influence'!Z163)/1000 -> 0 | E47: =('factor influence'!AA163)/1000 -> 0 | F47: =('factor influence'!AB163)/1000 -> #VALUE! | G47: =('factor influence'!AC163)/1000 -> 0 | H47: =('factor influence'!AD163)/1000 -> 0 | I47: ='factor influence'!AE163 -> 0 | J47: ='factor influence'!AF163 -> toxicity influence | K47: ='factor influence'!AG163 -> 0 | L47: ='factor influence'!AH163 -> 0 | M47: ='factor influence'!AI163 -> 0 | N47: ='factor influence'!AJ163 -> toxicity influence | O47: ='factor influence'!AK163 -> 0 | P47: ='factor influence'!AL163 -> 0 | ... T47: ='factor influence'!AP163 -> 0 | W47: 2033 | X47: 61.03526 | Y47: 9.37417 | Z47: -6.7225 | AA47: 0 | AB47: 0 | AC47: 0.12061 | AD47: 0.0576 | AE47: -0.04268
A48: ='factor influence'!W164 -> 0 | B48: =('factor influence'!X164)/1000 -> #VALUE! | C48: =('factor influence'!Y164)/1000 -> #VALUE! | D48: =('factor influence'!Z164)/1000 -> #VALUE! | E48: =('factor influence'!AA164)/1000 -> 0 | F48: =('factor influence'!AB164)/1000 -> #VALUE! | G48: =('factor influence'!AC164)/1000 -> #VALUE! | H48: =('factor influence'!AD164)/1000 -> #VALUE! | I48: ='factor influence'!AE164 -> 0 | J48: ='factor influence'!AF164 -> Electronic | K48: ='factor influence'!AG164 -> Semiconductor | L48: ='factor influence'!AH164 -> Total | M48: ='factor influence'!AI164 -> 0 | N48: ='factor influence'!AJ164 -> Electronic | O48: ='factor influence'!AK164 -> Semiconductor | P48: ='factor influence'!AL164 -> Total | ... T48: ='factor influence'!AP164 -> Semiconductor | W48: 2034 | X48: 65.07003 | Y48: 10.87909 | Z48: -7.66973 | AA48: 0 | AB48: 0 | AC48: 0.13503 | AD48: 0.06974 | AE48: -0.05008
A49: ='factor influence'!W165 -> 2020 | B49: =('factor influence'!X165)/1000 -> 28.051177 | C49: =('factor influence'!Y165)/1000 -> 0.031363072 | D49: =('factor influence'!Z165)/1000 -> 28.08254 | E49: =('factor influence'!AA165)/1000 -> 0 | F49: =('factor influence'!AB165)/1000 -> 2.7969172 | G49: =('factor influence'!AC165)/1000 -> 0.014891136 | H49: =('factor influence'!AD165)/1000 -> 2.8118084 | I49: ='factor influence'!AE165 -> 0 | J49: =('factor influence'!AF165)/1000000 -> 28.009128 | K49: =('factor influence'!AG165)/1000000 -> 0.14912409 | L49: =('factor influence'!AH165)/1000000 -> 28.158252 | M49: =('factor influence'!AI165)/1000000 -> 0 | N49: =('factor influence'!AJ165)/1000000 -> 21.128712 | O49: =('factor influence'!AK165)/1000000 -> 0.1124919 | P49: =('factor influence'!AL165)/1000000 -> 21.241204 | Q49: ='factor influence'!AM165 -> 0 | R49: ='factor influence'!AN165 -> 2020 | S49: ='factor influence'!AO165 -> 1.0542475 | T49: ='factor influence'!AP165 -> 1.0928425 | W49: 2035 | X49: 69.37188 | Y49: 12.55369 | Z49: -8.70842 | AA49: 0 | AB49: 0 | AC49: 0.15116 | AD49: 0.08412 | AE49: -0.05857
A50: ='factor influence'!W166 -> 2021 | B50: =('factor influence'!X166)/1000 -> 29.572884 | C50: =('factor influence'!Y166)/1000 -> 0.034274897 | D50: =('factor influence'!Z166)/1000 -> 29.607159 | E50: =('factor influence'!AA166)/1000 -> 0 | F50: =('factor influence'!AB166)/1000 -> 2.9486431 | G50: =('factor influence'!AC166)/1000 -> 0.016273666 | H50: =('factor influence'!AD166)/1000 -> 2.9649167 | I50: ='factor influence'!AE166 -> 0 | J50: =('factor influence'!AF166)/1000000 -> 29.528554 | K50: =('factor influence'!AG166)/1000000 -> 0.16296914 | L50: =('factor influence'!AH166)/1000000 -> 29.691523 | M50: =('factor influence'!AI166)/1000000 -> 0 | N50: =('factor influence'!AJ166)/1000000 -> 22.274892 | O50: =('factor influence'!AK166)/1000000 -> 0.12293592 | P50: =('factor influence'!AL166)/1000000 -> 22.397828 | Q50: ='factor influence'!AM166 -> 0 | R50: ='factor influence'!AN166 -> 2021 | S50: ='factor influence'!AO166 -> 1.0542475 | T50: ='factor influence'!AP166 -> 1.0928425
A51: ='factor influence'!W167 -> 2022 | B51: =('factor influence'!X167)/1000 -> 31.17714 | C51: =('factor influence'!Y167)/1000 -> 0.037457063 | D51: =('factor influence'!Z167)/1000 -> 31.214597 | E51: =('factor influence'!AA167)/1000 -> 0 | F51: =('factor influence'!AB167)/1000 -> 3.1085997 | G51: =('factor influence'!AC167)/1000 -> 0.017784553 | H51: =('factor influence'!AD167)/1000 -> 3.1263842 | I51: ='factor influence'!AE167 -> 0 | J51: =('factor influence'!AF167)/1000000 -> 31.130405 | K51: =('factor influence'!AG167)/1000000 -> 0.1780996 | L51: =('factor influence'!AH167)/1000000 -> 31.308505 | M51: =('factor influence'!AI167)/1000000 -> 0 | N51: =('factor influence'!AJ167)/1000000 -> 23.48325 | O51: =('factor influence'!AK167)/1000000 -> 0.1343496 | P51: =('factor influence'!AL167)/1000000 -> 23.6176 | Q51: ='factor influence'!AM167 -> 0 | R51: ='factor influence'!AN167 -> 2022 | S51: ='factor influence'!AO167 -> 1.0542475 | T51: ='factor influence'!AP167 -> 1.0928425
A52: ='factor influence'!W168 -> 2023 | B52: =('factor influence'!X168)/1000 -> 32.868423 | C52: =('factor influence'!Y168)/1000 -> 0.04093467 | D52: =('factor influence'!Z168)/1000 -> 32.909357 | E52: =('factor influence'!AA168)/1000 -> 0 | F52: =('factor influence'!AB168)/1000 -> 3.2772336 | G52: =('factor influence'!AC168)/1000 -> 0.019435715 | H52: =('factor influence'!AD168)/1000 -> 3.2966693 | I52: ='factor influence'!AE168 -> 0 | J52: =('factor influence'!AF168)/1000000 -> 32.819153 | K52: =('factor influence'!AG168)/1000000 -> 0.1946348 | L52: =('factor influence'!AH168)/1000000 -> 33.013788 | M52: =('factor influence'!AI168)/1000000 -> 0 | N52: =('factor influence'!AJ168)/1000000 -> 24.757159 | O52: =('factor influence'!AK168)/1000000 -> 0.14682294 | P52: =('factor influence'!AL168)/1000000 -> 24.903982 | Q52: ='factor influence'!AM168 -> 0 | R52: ='factor influence'!AN168 -> 2023 | S52: ='factor influence'!AO168 -> 1.0542475 | T52: ='factor influence'!AP168 -> 1.0928425
A53: ='factor influence'!W169 -> 2024 | B53: =('factor influence'!X169)/1000 -> 34.651453 | C53: =('factor influence'!Y169)/1000 -> 0.044735145 | D53: =('factor influence'!Z169)/1000 -> 34.696189 | E53: =('factor influence'!AA169)/1000 -> 0 | F53: =('factor influence'!AB169)/1000 -> 3.4550154 | G53: =('factor influence'!AC169)/1000 -> 0.021240175 | H53: =('factor influence'!AD169)/1000 -> 3.4762556 | I53: ='factor influence'!AE169 -> 0 | J53: =('factor influence'!AF169)/1000000 -> 34.599511 | K53: =('factor influence'!AG169)/1000000 -> 0.21270518 | L53: =('factor influence'!AH169)/1000000 -> 34.812216 | M53: =('factor influence'!AI169)/1000000 -> 0 | N53: =('factor influence'!AJ169)/1000000 -> 26.100173 | O53: =('factor influence'!AK169)/1000000 -> 0.16045435 | P53: =('factor influence'!AL169)/1000000 -> 26.260628 | Q53: ='factor influence'!AM169 -> 0 | R53: ='factor influence'!AN169 -> 2024 | S53: ='factor influence'!AO169 -> 1.0542475 | T53: ='factor influence'!AP169 -> 1.0928425
A54: ='factor influence'!W170 -> 2025 | B54: =('factor influence'!X170)/1000 -> 36.531209 | C54: =('factor influence'!Y170)/1000 -> 0.048888467 | D54: =('factor influence'!Z170)/1000 -> 36.580098 | E54: =('factor influence'!AA170)/1000 -> 0 | F54: =('factor influence'!AB170)/1000 -> 3.6424414 | G54: =('factor influence'!AC170)/1000 -> 0.023212165 | H54: =('factor influence'!AD170)/1000 -> 3.6656536 | I54: ='factor influence'!AE170 -> 0 | J54: =('factor influence'!AF170)/1000000 -> 36.476449 | K54: =('factor influence'!AG170)/1000000 -> 0.23245325 | L54: =('factor influence'!AH170)/1000000 -> 36.708903 | M54: =('factor influence'!AI170)/1000000 -> 0 | N54: =('factor influence'!AJ170)/1000000 -> 27.516043 | O54: =('factor influence'!AK170)/1000000 -> 0.17535133 | P54: =('factor influence'!AL170)/1000000 -> 27.691395 | Q54: ='factor influence'!AM170 -> 0 | R54: ='factor influence'!AN170 -> 2025 | S54: ='factor influence'!AO170 -> 1.066 | T54: ='factor influence'!AP170 -> 1.1195
A55: ='factor influence'!W171 -> 2026 | B55: =('factor influence'!X171)/1000 -> 38.942269 | C55: =('factor influence'!Y171)/1000 -> 0.054730639 | D55: =('factor influence'!Z171)/1000 -> 38.997 | E55: =('factor influence'!AA171)/1000 -> 0 | F55: =('factor influence'!AB171)/1000 -> 3.8828426 | G55: =('factor influence'!AC171)/1000 -> 0.025986019 | H55: =('factor influence'!AD171)/1000 -> 3.9088286 | I55: ='factor influence'!AE171 -> 0 | J55: =('factor influence'!AF171)/1000000 -> 38.883895 | K55: =('factor influence'!AG171)/1000000 -> 0.26023142 | L55: =('factor influence'!AH171)/1000000 -> 39.144126 | M55: =('factor influence'!AI171)/1000000 -> 0 | N55: =('factor influence'!AJ171)/1000000 -> 29.332102 | O55: =('factor influence'!AK171)/1000000 -> 0.19630581 | P55: =('factor influence'!AL171)/1000000 -> 29.528408 | Q55: ='factor influence'!AM171 -> 0 | R55: ='factor influence'!AN171 -> 2026 | S55: ='factor influence'!AO171 -> 1.066 | T55: ='factor influence'!AP171 -> 1.1195
A56: ='factor influence'!W172 -> 2027 | B56: =('factor influence'!X172)/1000 -> 41.512459 | C56: =('factor influence'!Y172)/1000 -> 0.06127095 | D56: =('factor influence'!Z172)/1000 -> 41.57373 | E56: =('factor influence'!AA172)/1000 -> 0 | F56: =('factor influence'!AB172)/1000 -> 4.1391102 | G56: =('factor influence'!AC172)/1000 -> 0.029091348 | H56: =('factor influence'!AD172)/1000 -> 4.1682015 | I56: ='factor influence'!AE172 -> 0 | J56: =('factor influence'!AF172)/1000000 -> 41.450232 | K56: =('factor influence'!AG172)/1000000 -> 0.29132907 | L56: =('factor influence'!AH172)/1000000 -> 41.741561 | M56: =('factor influence'!AI172)/1000000 -> 0 | N56: =('factor influence'!AJ172)/1000000 -> 31.268021 | O56: =('factor influence'!AK172)/1000000 -> 0.21976436 | P56: =('factor influence'!AL172)/1000000 -> 31.487785 | Q56: ='factor influence'!AM172 -> 0 | R56: ='factor influence'!AN172 -> 2027 | S56: ='factor influence'!AO172 -> 1.066 | T56: ='factor influence'!AP172 -> 1.1195
A57: ='factor influence'!W173 -> 2028 | B57: =('factor influence'!X173)/1000 -> 44.252281 | C57: =('factor influence'!Y173)/1000 -> 0.068592829 | D57: =('factor influence'!Z173)/1000 -> 44.320874 | E57: =('factor influence'!AA173)/1000 -> 0 | F57: =('factor influence'!AB173)/1000 -> 4.4122915 | G57: =('factor influence'!AC173)/1000 -> 0.032567764 | H57: =('factor influence'!AD173)/1000 -> 4.4448592 | I57: ='factor influence'!AE173 -> 0 | J57: =('factor influence'!AF173)/1000000 -> 44.185947 | K57: =('factor influence'!AG173)/1000000 -> 0.3261429 | L57: =('factor influence'!AH173)/1000000 -> 44.51209 | M57: =('factor influence'!AI173)/1000000 -> 0 | N57: =('factor influence'!AJ173)/1000000 -> 33.33171 | O57: =('factor influence'!AK173)/1000000 -> 0.2460262 | P57: =('factor influence'!AL173)/1000000 -> 33.577737 | Q57: ='factor influence'!AM173 -> 0 | R57: ='factor influence'!AN173 -> 2028 | S57: ='factor influence'!AO173 -> 1.066 | T57: ='factor influence'!AP173 -> 1.1195
A58: ='factor influence'!W174 -> 2029 | B58: =('factor influence'!X174)/1000 -> 47.172932 | C58: =('factor influence'!Y174)/1000 -> 0.076789672 | D58: =('factor influence'!Z174)/1000 -> 47.249721 | E58: =('factor influence'!AA174)/1000 -> 0 | F58: =('factor influence'!AB174)/1000 -> 4.7035027 | G58: =('factor influence'!AC174)/1000 -> 0.036459612 | H58: =('factor influence'!AD174)/1000 -> 4.7399623 | I58: ='factor influence'!AE174 -> 0 | J58: =('factor influence'!AF174)/1000000 -> 47.10222 | K58: =('factor influence'!AG174)/1000000 -> 0.36511697 | L58: =('factor influence'!AH174)/1000000 -> 47.467337 | M58: =('factor influence'!AI174)/1000000 -> 0 | N58: =('factor influence'!AJ174)/1000000 -> 35.531603 | O58: =('factor influence'!AK174)/1000000 -> 0.27542633 | P58: =('factor influence'!AL174)/1000000 -> 35.80703 | Q58: ='factor influence'!AM174 -> 0 | R58: ='factor influence'!AN174 -> 2029 | S58: ='factor influence'!AO174 -> 1.066 | T58: ='factor influence'!AP174 -> 1.1195
A59: ='factor influence'!W175 -> 2030 | B59: =('factor influence'!X175)/1000 -> 50.286345 | C59: =('factor influence'!Y175)/1000 -> 0.085966037 | D59: =('factor influence'!Z175)/1000 -> 50.372311 | E59: =('factor influence'!AA175)/1000 -> 0 | F59: =('factor influence'!AB175)/1000 -> 5.0139339 | G59: =('factor influence'!AC175)/1000 -> 0.040816536 | H59: =('factor influence'!AD175)/1000 -> 5.0547504 | I59: ='factor influence'!AE175 -> 0 | J59: =('factor influence'!AF175)/1000000 -> 50.210966 | K59: =('factor influence'!AG175)/1000000 -> 0.40874845 | L59: =('factor influence'!AH175)/1000000 -> 50.619715 | M59: =('factor influence'!AI175)/1000000 -> 0 | N59: =('factor influence'!AJ175)/1000000 -> 37.876689 | O59: =('factor influence'!AK175)/1000000 -> 0.30833977 | P59: =('factor influence'!AL175)/1000000 -> 38.185029 | Q59: ='factor influence'!AM175 -> 0 | R59: ='factor influence'!AN175 -> 2030 | S59: ='factor influence'!AO175 -> 1.066 | T59: ='factor influence'!AP175 -> 1.1195
A60: ='factor influence'!W176 -> 2031 | B60: =('factor influence'!X176)/1000 -> 53.605244 | C60: =('factor influence'!Y176)/1000 -> 0.096238979 | D60: =('factor influence'!Z176)/1000 -> 53.701483 | E60: =('factor influence'!AA176)/1000 -> 0 | F60: =('factor influence'!AB176)/1000 -> 5.3448535 | G60: =('factor influence'!AC176)/1000 -> 0.045694112 | H60: =('factor influence'!AD176)/1000 -> 5.3905476 | I60: ='factor influence'!AE176 -> 0 | J60: =('factor influence'!AF176)/1000000 -> 53.52489 | K60: =('factor influence'!AG176)/1000000 -> 0.45759389 | L60: =('factor influence'!AH176)/1000000 -> 53.982484 | M60: =('factor influence'!AI176)/1000000 -> 0 | N60: =('factor influence'!AJ176)/1000000 -> 40.376551 | O60: =('factor influence'!AK176)/1000000 -> 0.34518638 | P60: =('factor influence'!AL176)/1000000 -> 40.721737 | Q60: ='factor influence'!AM176 -> 0 | R60: ='factor influence'!AN176 -> 2031 | S60: ='factor influence'!AO176 -> 1.066 | T60: ='factor influence'!AP176 -> 1.1195
A61: ='factor influence'!W177 -> 2032 | B61: =('factor influence'!X177)/1000 -> 57.14319 | C61: =('factor influence'!Y177)/1000 -> 0.10773954 | D61: =('factor influence'!Z177)/1000 -> 57.25093 | E61: =('factor influence'!AA177)/1000 -> 0 | F61: =('factor influence'!AB177)/1000 -> 5.6976138 | G61: =('factor influence'!AC177)/1000 -> 0.051154558 | H61: =('factor influence'!AD177)/1000 -> 5.7487684 | I61: ='factor influence'!AE177 -> 0 | J61: =('factor influence'!AF177)/1000000 -> 57.057533 | K61: =('factor influence'!AG177)/1000000 -> 0.51227636 | L61: =('factor influence'!AH177)/1000000 -> 57.569809 | M61: =('factor influence'!AI177)/1000000 -> 0 | N61: =('factor influence'!AJ177)/1000000 -> 43.041403 | O61: =('factor influence'!AK177)/1000000 -> 0.38643615 | P61: =('factor influence'!AL177)/1000000 -> 43.427839 | Q61: ='factor influence'!AM177 -> 0 | R61: ='factor influence'!AN177 -> 2032 | S61: ='factor influence'!AO177 -> 1.066 | T61: ='factor influence'!AP177 -> 1.1195
... A64: ='factor influence'!W180 -> 2035 | B64: =('factor influence'!X180)/1000 -> 69.220717 | C64: =('factor influence'!Y180)/1000 -> 0.15116366 | D64: =('factor influence'!Z180)/1000 -> 69.371881 | E64: =('factor influence'!AA180)/1000 -> 0 | F64: =('factor influence'!AB180)/1000 -> 6.9018358 | G64: =('factor influence'!AC180)/1000 -> 0.071772262 | H64: =('factor influence'!AD180)/1000 -> 6.9736081 | I64: ='factor influence'!AE180 -> 0 | J64: =('factor influence'!AF180)/1000000 -> 69.116956 | K64: =('factor influence'!AG180)/1000000 -> 0.71874794 | L64: =('factor influence'!AH180)/1000000 -> 69.835704 | M64: =('factor influence'!AI180)/1000000 -> 0 | N64: =('factor influence'!AJ180)/1000000 -> 52.13844 | O64: =('factor influence'!AK180)/1000000 -> 0.54218817 | P64: =('factor influence'!AL180)/1000000 -> 52.680628 | Q64: ='factor influence'!AM180 -> 0 | R64: ='factor influence'!AN180 -> 2035 | S64: ='factor influence'!AO180 -> 1.066 | T64: ='factor influence'!AP180 -> 1.1195
A65: ='factor influence'!W181 -> 0 | B65: =('factor influence'!X181)/1000 -> 0 | C65: =('factor influence'!Y181)/1000 -> 0 | D65: =('factor influence'!Z181)/1000 -> 0 | E65: =('factor influence'!AA181)/1000 -> 0 | F65: =('factor influence'!AB181)/1000 -> 0 | G65: =('factor influence'!AC181)/1000 -> 0 | H65: =('factor influence'!AD181)/1000 -> 0 | I65: ='factor influence'!AE181 -> 0 | J65: =('factor influence'!AF181)/1000000 -> 0 | K65: =('factor influence'!AG181)/1000000 -> 0 | L65: =('factor influence'!AH181)/1000000 -> 0 | M65: =('factor influence'!AI181)/1000000 -> 0 | N65: =('factor influence'!AJ181)/1000000 -> 0 | O65: =('factor influence'!AK181)/1000000 -> 0 | P65: =('factor influence'!AL181)/1000000 -> 0 | Q65: ='factor influence'!AM181 -> 0 | R65: ='factor influence'!AN181 -> 0 | S65: ='factor influence'!AO181 -> 0 | T65: ='factor influence'!AP181 -> 0 | W65: 2025 | X65: 3.6656536 | Y65: 1.4257109 | Z65: -1.1385487 | AB65: 0.023212165 | AC65: 0.0088206228 | AD65: -0.0074278929
A66: ='factor influence'!W182 -> 0 | B66: =('factor influence'!X182)/1000 -> 0 | C66: =('factor influence'!Y182)/1000 -> 0 | D66: =('factor influence'!Z182)/1000 -> 0 | E66: =('factor influence'!AA182)/1000 -> 0 | F66: =('factor influence'!AB182)/1000 -> 0 | G66: =('factor influence'!AC182)/1000 -> 0 | H66: =('factor influence'!AD182)/1000 -> 0 | I66: ='factor influence'!AE182 -> 0 | J66: =('factor influence'!AF182)/1000000 -> 0 | K66: =('factor influence'!AG182)/1000000 -> 0 | L66: =('factor influence'!AH182)/1000000 -> 0 | M66: =('factor influence'!AI182)/1000000 -> 0 | N66: =('factor influence'!AJ182)/1000000 -> 0 | O66: =('factor influence'!AK182)/1000000 -> 0 | P66: =('factor influence'!AL182)/1000000 -> 0 | Q66: ='factor influence'!AM182 -> 0 | R66: ='factor influence'!AN182 -> 0 | S66: ='factor influence'!AO182 -> 0 | T66: ='factor influence'!AP182 -> 0 | W66: 2027 | X66: 4.1682015 | Y66: 1.7589118 | Z66: -1.3447395 | AB66: 0.029091348 | AC66: 0.013198371 | AD66: -0.010338054
A67: ='factor influence'!W183 -> Error bar max | B67: =('factor influence'!X183)/1000 -> 0 | C67: =('factor influence'!Y183)/1000 -> 0 | D67: =('factor influence'!Z183)/1000 -> 0 | E67: =('factor influence'!AA183)/1000 -> 0 | F67: =('factor influence'!AB183)/1000 -> 0 | G67: =('factor influence'!AC183)/1000 -> 0 | H67: =('factor influence'!AD183)/1000 -> 0 | I67: ='factor influence'!AE183 -> 0 | J67: =('factor influence'!AF183)/1000000 -> 0 | K67: =('factor influence'!AG183)/1000000 -> 0 | L67: =('factor influence'!AH183)/1000000 -> 0 | M67: =('factor influence'!AI183)/1000000 -> 0 | N67: =('factor influence'!AJ183)/1000000 -> 0 | O67: =('factor influence'!AK183)/1000000 -> 0 | P67: =('factor influence'!AL183)/1000000 -> 0 | Q67: ='factor influence'!AM183 -> 0 | R67: ='factor influence'!AN183 -> 0 | S67: ='factor influence'!AO183 -> 0 | T67: ='factor influence'!AP183 -> 0 | W67: 2029 | X67: 4.7399623 | Y67: 2.1608734 | Z67: -1.5853092 | AB67: 0.036459612 | AC67: 0.019371317 | AD67: -0.014178824
A68: ='factor influence'!W184 -> 0 | B68: =('factor influence'!X184)/1000 -> #VALUE! | C68: =('factor influence'!Y184)/1000 -> #VALUE! | D68: =('factor influence'!Z184)/1000 -> #VALUE! | E68: =('factor influence'!AA184)/1000 -> 0 | F68: =('factor influence'!AB184)/1000 -> #VALUE! | G68: =('factor influence'!AC184)/1000 -> #VALUE! | H68: =('factor influence'!AD184)/1000 -> #VALUE! | I68: ='factor influence'!AE184 -> 0 | J68: =('factor influence'!AF184)/1000000 -> #VALUE! | K68: =('factor influence'!AG184)/1000000 -> #VALUE! | L68: =('factor influence'!AH184)/1000000 -> #VALUE! | M68: =('factor influence'!AI184)/1000000 -> 0 | N68: =('factor influence'!AJ184)/1000000 -> #VALUE! | O68: =('factor influence'!AK184)/1000000 -> #VALUE! | P68: =('factor influence'!AL184)/1000000 -> #VALUE! | Q68: ='factor influence'!AM184 -> 0 | R68: ='factor influence'!AN184 -> 0 | S68: ='factor influence'!AO184 -> Electronic | T68: ='factor influence'!AP184 -> Semiconductor | W68: 2031 | X68: 5.3905476 | Y68: 2.6450115 | Z68: -1.8657602 | AB68: 0.045694112 | AC68: 0.028013936 | AD68: -0.019222307
A69: ='factor influence'!W185 -> 2020 | B69: =('factor influence'!X185)/1000 -> 1.4103996 | C69: =('factor influence'!Y185)/1000 -> 0.0062726144 | D69: =('factor influence'!Z185)/1000 -> 1.4166722 | E69: =('factor influence'!AA185)/1000 -> 0 | F69: =('factor influence'!AB185)/1000 -> 1.0879859 | G69: =('factor influence'!AC185)/1000 -> 0.0056586317 | H69: =('factor influence'!AD185)/1000 -> 1.0936445 | I69: ='factor influence'!AE185 -> 0 | J69: =('factor influence'!AF185)/1000000 -> 10.895401 | K69: =('factor influence'!AG185)/1000000 -> 0.056667154 | L69: =('factor influence'!AH185)/1000000 -> 10.952068 | M69: =('factor influence'!AI185)/1000000 -> 0 | N69: =('factor influence'!AJ185)/1000000 -> 8.2189561 | O69: =('factor influence'!AK185)/1000000 -> 0.04274692 | P69: =('factor influence'!AL185)/1000000 -> 8.261703 | Q69: ='factor influence'!AM185 -> 0 | R69: ='factor influence'!AN185 -> 0 | S69: ='factor influence'!AO185 -> 0 | T69: ='factor influence'!AP185 -> 0 | W69: 2033 | X69: 6.1309239 | Y69: 3.2273102 | Z69: -2.192462 | AB69: 0.057267528 | AC69: 0.040041911 | AD69: -0.025816377
A70: ='factor influence'!W186 -> 2021 | B70: =('factor influence'!X186)/1000 -> 1.4869103 | C70: =('factor influence'!Y186)/1000 -> 0.0068549794 | D70: =('factor influence'!Z186)/1000 -> 1.4937653 | E70: =('factor influence'!AA186)/1000 -> 0 | F70: =('factor influence'!AB186)/1000 -> 1.1470064 | G70: =('factor influence'!AC186)/1000 -> 0.006183993 | H70: =('factor influence'!AD186)/1000 -> 1.1531904 | I70: ='factor influence'!AE186 -> 0 | J70: =('factor influence'!AF186)/1000000 -> 11.48645 | K70: =('factor influence'!AG186)/1000000 -> 0.061928273 | L70: =('factor influence'!AH186)/1000000 -> 11.548378 | M70: =('factor influence'!AI186)/1000000 -> 0 | N70: =('factor influence'!AJ186)/1000000 -> 8.6648142 | O70: =('factor influence'!AK186)/1000000 -> 0.04671565 | P70: =('factor influence'!AL186)/1000000 -> 8.7115298 | Q70: ='factor influence'!AM186 -> 0 | R70: ='factor influence'!AN186 -> 0 | S70: ='factor influence'!AO186 -> 0 | T70: ='factor influence'!AP186 -> 0 | W70: 2035 | X70: 6.9736081 | Y70: 3.9268179 | Z70: -2.5727889 | AB70: 0.071772262 | AC70: 0.056695757 | AD70: -0.034405149
A71: ='factor influence'!W187 -> 2022 | B71: =('factor influence'!X187)/1000 -> 1.5675715 | C71: =('factor influence'!Y187)/1000 -> 0.0074914126 | D71: =('factor influence'!Z187)/1000 -> 1.5750629 | E71: =('factor influence'!AA187)/1000 -> 0 | F71: =('factor influence'!AB187)/1000 -> 1.2092287 | G71: =('factor influence'!AC187)/1000 -> 0.0067581302 | H71: =('factor influence'!AD187)/1000 -> 1.2159868 | I71: ='factor influence'!AE187 -> 0 | J71: =('factor influence'!AF187)/1000000 -> 12.109561 | K71: =('factor influence'!AG187)/1000000 -> 0.067677847 | L71: =('factor influence'!AH187)/1000000 -> 12.177239 | M71: =('factor influence'!AI187)/1000000 -> 0 | N71: =('factor influence'!AJ187)/1000000 -> 9.1348589 | O71: =('factor influence'!AK187)/1000000 -> 0.051052847 | P71: =('factor influence'!AL187)/1000000 -> 9.1859118 | Q71: ='factor influence'!AM187 -> 0 | R71: ='factor influence'!AN187 -> 0 | S71: ='factor influence'!AO187 -> 0 | T71: ='factor influence'!AP187 -> 0
A72: ='factor influence'!W188 -> 2023 | B72: =('factor influence'!X188)/1000 -> 1.6526084 | C72: =('factor influence'!Y188)/1000 -> 0.0081869339 | D72: =('factor influence'!Z188)/1000 -> 1.6607953 | E72: =('factor influence'!AA188)/1000 -> 0 | F72: =('factor influence'!AB188)/1000 -> 1.2748264 | G72: =('factor influence'!AC188)/1000 -> 0.0073855717 | H72: =('factor influence'!AD188)/1000 -> 1.2822119 | I72: ='factor influence'!AE188 -> 0 | J72: =('factor influence'!AF188)/1000000 -> 12.766475 | K72: =('factor influence'!AG188)/1000000 -> 0.073961225 | L72: =('factor influence'!AH188)/1000000 -> 12.840437 | M72: =('factor influence'!AI188)/1000000 -> 0 | N72: =('factor influence'!AJ188)/1000000 -> 9.6304025 | O72: =('factor influence'!AK188)/1000000 -> 0.055792719 | P72: =('factor influence'!AL188)/1000000 -> 9.6861952 | Q72: ='factor influence'!AM188 -> 0 | R72: ='factor influence'!AN188 -> 0 | S72: ='factor influence'!AO188 -> 0 | T72: ='factor influence'!AP188 -> 0
A73: ='factor influence'!W189 -> 2024 | B73: =('factor influence'!X189)/1000 -> 1.7422583 | C73: =('factor influence'!Y189)/1000 -> 0.0089470291 | D73: =('factor influence'!Z189)/1000 -> 1.7512054 | E73: =('factor influence'!AA189)/1000 -> 0 | F73: =('factor influence'!AB189)/1000 -> 1.3439825 | G73: =('factor influence'!AC189)/1000 -> 0.0080712665 | H73: =('factor influence'!AD189)/1000 -> 1.3520538 | I73: ='factor influence'!AE189 -> 0 | J73: =('factor influence'!AF189)/1000000 -> 13.459025 | K73: =('factor influence'!AG189)/1000000 -> 0.080827968 | L73: =('factor influence'!AH189)/1000000 -> 13.539853 | M73: =('factor influence'!AI189)/1000000 -> 0 | N73: =('factor influence'!AJ189)/1000000 -> 10.152828 | O73: =('factor influence'!AK189)/1000000 -> 0.060972653 | P73: =('factor influence'!AL189)/1000000 -> 10.213801 | Q73: ='factor influence'!AM189 -> 0 | R73: ='factor influence'!AN189 -> 0 | S73: ='factor influence'!AO189 -> 0 | T73: ='factor influence'!AP189 -> 0
A74: ='factor influence'!W190 -> 2025 | B74: =('factor influence'!X190)/1000 -> 1.8367715 | C74: =('factor influence'!Y190)/1000 -> 0.0097776934 | D74: =('factor influence'!Z190)/1000 -> 1.8465492 | E74: =('factor influence'!AA190)/1000 -> 0 | F74: =('factor influence'!AB190)/1000 -> 1.4168903 | G74: =('factor influence'!AC190)/1000 -> 0.0088206228 | H74: =('factor influence'!AD190)/1000 -> 1.4257109 | I74: ='factor influence'!AE190 -> 0 | J74: =('factor influence'!AF190)/1000000 -> 14.189144 | K74: =('factor influence'!AG190)/1000000 -> 0.088332237 | L74: =('factor influence'!AH190)/1000000 -> 14.277476 | M74: =('factor influence'!AI190)/1000000 -> 0 | N74: =('factor influence'!AJ190)/1000000 -> 10.703594 | O74: =('factor influence'!AK190)/1000000 -> 0.066633505 | P74: =('factor influence'!AL190)/1000000 -> 10.770227 | Q74: ='factor influence'!AM190 -> 0 | R74: ='factor influence'!AN190 -> 0 | S74: ='factor influence'!AO190 -> 0.0125 | T74: ='factor influence'!AP190 -> 0.0295 | W74: 2025 | X74: 36.708903 | Y74: 14.277476 | Z74: -11.401752 | AB74: 27.691395 | AC74: 10.770227 | AD74: -8.6009222
A75: ='factor influence'!W191 -> 2026 | B75: =('factor influence'!X191)/1000 -> 2.4375982 | C75: =('factor influence'!Y191)/1000 -> 0.012676779 | D75: =('factor influence'!Z191)/1000 -> 2.450275 | E75: =('factor influence'!AA191)/1000 -> 0 | F75: =('factor influence'!AB191)/1000 -> 1.5736467 | G75: =('factor influence'!AC191)/1000 -> 0.010819654 | H75: =('factor influence'!AD191)/1000 -> 1.5844663 | I75: ='factor influence'!AE191 -> 0 | J75: =('factor influence'!AF191)/1000000 -> 15.758947 | K75: =('factor influence'!AG191)/1000000 -> 0.10835111 | L75: =('factor influence'!AH191)/1000000 -> 15.867299 | M75: =('factor influence'!AI191)/1000000 -> 0 | N75: =('factor influence'!AJ191)/1000000 -> 11.887777 | O75: =('factor influence'!AK191)/1000000 -> 0.081734761 | P75: =('factor influence'!AL191)/1000000 -> 11.969511 | Q75: ='factor influence'!AM191 -> 0 | R75: ='factor influence'!AN191 -> 0 | S75: ='factor influence'!AO191 -> 0.0125 | T75: ='factor influence'!AP191 -> 0.0295 | W75: 2026 | X75: 39.144126 | Y75: 15.867299 | Z75: -12.394282 | AB75: 29.528408 | AC75: 11.969511 | AD75: -9.349638
A76: ='factor influence'!W192 -> 2027 | B76: =('factor influence'!X192)/1000 -> 3.1157281 | C76: =('factor influence'!Y192)/1000 -> 0.016180173 | D76: =('factor influence'!Z192)/1000 -> 3.1319082 | E76: =('factor influence'!AA192)/1000 -> 0 | F76: =('factor influence'!AB192)/1000 -> 1.7457135 | G76: =('factor influence'!AC192)/1000 -> 0.013198371 | H76: =('factor influence'!AD192)/1000 -> 1.7589118 | I76: ='factor influence'!AE192 -> 0 | J76: =('factor influence'!AF192)/1000000 -> 17.482074 | K76: =('factor influence'!AG192)/1000000 -> 0.13217225 | L76: =('factor influence'!AH192)/1000000 -> 17.614246 | M76: =('factor influence'!AI192)/1000000 -> 0 | N76: =('factor influence'!AJ192)/1000000 -> 13.187618 | O76: =('factor influence'!AK192)/1000000 -> 0.099704262 | P76: =('factor influence'!AL192)/1000000 -> 13.287323 | Q76: ='factor influence'!AM192 -> 0 | R76: ='factor influence'!AN192 -> 0 | S76: ='factor influence'!AO192 -> 0.0125 | T76: ='factor influence'!AP192 -> 0.0295 | W76: 2027 | X76: 41.741561 | Y76: 17.614246 | Z76: -13.466605 | AB76: 31.487785 | AC76: 13.287323 | AD76: -10.158546
A77: ='factor influence'!W193 -> 2028 | B77: =('factor influence'!X193)/1000 -> 3.8792184 | C77: =('factor influence'!Y193)/1000 -> 0.020398512 | D77: =('factor influence'!Z193)/1000 -> 3.899617 | E77: =('factor influence'!AA193)/1000 -> 0 | F77: =('factor influence'!AB193)/1000 -> 1.9344909 | G77: =('factor influence'!AC193)/1000 -> 0.016023123 | H77: =('factor influence'!AD193)/1000 -> 1.950514 | I77: ='factor influence'!AE193 -> 0 | J77: =('factor influence'!AF193)/1000000 -> 19.372544 | K77: =('factor influence'!AG193)/1000000 -> 0.16046013 | L77: =('factor influence'!AH193)/1000000 -> 19.533004 | M77: =('factor influence'!AI193)/1000000 -> 0 | N77: =('factor influence'!AJ193)/1000000 -> 14.613697 | O77: =('factor influence'!AK193)/1000000 -> 0.12104325 | P77: =('factor influence'!AL193)/1000000 -> 14.73474 | Q77: ='factor influence'!AM193 -> 0 | R77: ='factor influence'!AN193 -> 0 | S77: ='factor influence'!AO193 -> 0.0125 | T77: ='factor influence'!AP193 -> 0.0295 | W77: 2028 | X77: 44.51209 | Y77: 19.533004 | Z77: -14.624882 | AB77: 33.577737 | AC77: 14.73474 | AD77: -11.032293
A78: ='factor influence'!W194 -> 2029 | B78: =('factor influence'!X194)/1000 -> 4.7368906 | C78: =('factor influence'!Y194)/1000 -> 0.025461379 | D78: =('factor influence'!Z194)/1000 -> 4.762352 | E78: =('factor influence'!AA194)/1000 -> 0 | F78: =('factor influence'!AB194)/1000 -> 2.141502 | G78: =('factor influence'!AC194)/1000 -> 0.019371317 | H78: =('factor influence'!AD194)/1000 -> 2.1608734 | I78: ='factor influence'!AE194 -> 0 | J78: =('factor influence'!AF194)/1000000 -> 21.445613 | K78: =('factor influence'!AG194)/1000000 -> 0.1939899 | L78: =('factor influence'!AH194)/1000000 -> 21.639603 | M78: =('factor influence'!AI194)/1000000 -> 0 | N78: =('factor influence'!AJ194)/1000000 -> 16.177518 | O78: =('factor influence'!AK194)/1000000 -> 0.14633646 | P78: =('factor influence'!AL194)/1000000 -> 16.323855 | Q78: ='factor influence'!AM194 -> 0 | R78: ='factor influence'!AN194 -> 0 | S78: ='factor influence'!AO194 -> 0.0125 | T78: ='factor influence'!AP194 -> 0.0295 | W78: 2029 | X78: 47.467337 | Y78: 21.639603 | Z78: -15.875739 | AB78: 35.80703 | AC78: 16.323855 | AD78: -11.975878
A79: ='factor influence'!W195 -> 2030 | B79: =('factor influence'!X195)/1000 -> 5.6983982 | C79: =('factor influence'!Y195)/1000 -> 0.03152042 | D79: =('factor influence'!Z195)/1000 -> 5.7299186 | E79: =('factor influence'!AA195)/1000 -> 0 | F79: =('factor influence'!AB195)/1000 -> 2.3684037 | G79: =('factor influence'!AC195)/1000 -> 0.023333202 | H79: =('factor influence'!AD195)/1000 -> 2.3917369 | I79: ='factor influence'!AE195 -> 0 | J79: =('factor influence'!AF195)/1000000 -> 23.717872 | K79: =('factor influence'!AG195)/1000000 -> 0.23366535 | L79: =('factor influence'!AH195)/1000000 -> 23.951537 | M79: =('factor influence'!AI195)/1000000 -> 0 | N79: =('factor influence'!AJ195)/1000000 -> 17.891598 | O79: =('factor influence'!AK195)/1000000 -> 0.17626567 | P79: =('factor influence'!AL195)/1000000 -> 18.067864 | Q79: ='factor influence'!AM195 -> 0 | R79: ='factor influence'!AN195 -> 0 | S79: ='factor influence'!AO195 -> 0.0125 | T79: ='factor influence'!AP195 -> 0.0295 | W79: 2030 | X79: 50.619715 | Y79: 23.951537 | Z79: -17.226306 | AB79: 38.185029 | AC79: 18.067864 | AD79: -12.99468
A80: ='factor influence'!W196 -> 2031 | B80: =('factor influence'!X196)/1000 -> 6.7743017 | C80: =('factor influence'!Y196)/1000 -> 0.038752961 | D80: =('factor influence'!Z196)/1000 -> 6.8130547 | E80: =('factor influence'!AA196)/1000 -> 0 | F80: =('factor influence'!AB196)/1000 -> 2.6169976 | G80: =('factor influence'!AC196)/1000 -> 0.028013936 | H80: =('factor influence'!AD196)/1000 -> 2.6450115 | I80: ='factor influence'!AE196 -> 0 | J80: =('factor influence'!AF196)/1000000 -> 26.207362 | K80: =('factor influence'!AG196)/1000000 -> 0.28053956 | L80: =('factor influence'!AH196)/1000000 -> 26.487901 | M80: =('factor influence'!AI196)/1000000 -> 0 | N80: =('factor influence'!AJ196)/1000000 -> 19.769548 | O80: =('factor influence'!AK196)/1000000 -> 0.21162528 | P80: =('factor influence'!AL196)/1000000 -> 19.981173 | Q80: ='factor influence'!AM196 -> 0 | R80: ='factor influence'!AN196 -> 0 | S80: ='factor influence'!AO196 -> 0.0125 | T80: ='factor influence'!AP196 -> 0.0295 | W80: 2031 | X80: 53.982484 | Y80: 26.487901 | Z80: -18.684255 | AB80: 40.721737 | AC80: 19.981173 | AD80: -14.094485
A81: ='factor influence'!W197 -> 2032 | B81: =('factor influence'!X197)/1000 -> 7.97615 | C81: =('factor influence'!Y197)/1000 -> 0.047366202 | D81: =('factor influence'!Z197)/1000 -> 8.0235162 | E81: =('factor influence'!AA197)/1000 -> 0 | F81: =('factor influence'!AB197)/1000 -> 2.8892426 | G81: =('factor influence'!AC197)/1000 -> 0.033535989 | H81: =('factor influence'!AD197)/1000 -> 2.9227786 | I81: ='factor influence'!AE197 -> 0 | J81: =('factor influence'!AF197)/1000000 -> 28.933701 | K81: =('factor influence'!AG197)/1000000 -> 0.33583898 | L81: =('factor influence'!AH197)/1000000 -> 29.26954 | M81: =('factor influence'!AI197)/1000000 -> 0 | N81: =('factor influence'!AJ197)/1000000 -> 21.826164 | O81: =('factor influence'!AK197)/1000000 -> 0.25334044 | P81: =('factor influence'!AL197)/1000000 -> 22.079504 | Q81: ='factor influence'!AM197 -> 0 | R81: ='factor influence'!AN197 -> 0 | S81: ='factor influence'!AO197 -> 0.0125 | T81: ='factor influence'!AP197 -> 0.0295 | W81: 2032 | X81: 57.569809 | Y81: 29.26954 | Z81: -20.25784 | AB81: 43.427839 | AC81: 22.079504 | AD81: -15.28152
A82: ='factor influence'!W198 -> 2033 | B82: =('factor influence'!X198)/1000 -> 9.3165676 | C82: =('factor influence'!Y198)/1000 -> 0.057602082 | D82: =('factor influence'!Z198)/1000 -> 9.3741697 | E82: =('factor influence'!AA198)/1000 -> 0 | F82: =('factor influence'!AB198)/1000 -> 3.1872683 | G82: =('factor influence'!AC198)/1000 -> 0.040041911 | H82: =('factor influence'!AD198)/1000 -> 3.2273102 | I82: ='factor influence'!AE198 -> 0 | J82: =('factor influence'!AF198)/1000000 -> 31.918215 | K82: =('factor influence'!AG198)/1000000 -> 0.40099114 | L82: =('factor influence'!AH198)/1000000 -> 32.319206 | M82: =('factor influence'!AI198)/1000000 -> 0 | N82: =('factor influence'!AJ198)/1000000 -> 24.077535 | O82: =('factor influence'!AK198)/1000000 -> 0.30248804 | P82: =('factor influence'!AL198)/1000000 -> 24.380023 | Q82: ='factor influence'!AM198 -> 0 | R82: ='factor influence'!AN198 -> 0 | S82: ='factor influence'!AO198 -> 0.0125 | T82: ='factor influence'!AP198 -> 0.0295 | W82: 2033 | X82: 61.396824 | Y82: 32.319206 | Z82: -21.955941 | AB82: 46.314751 | AC82: 24.380023 | AD82: -16.562485
A83: ='factor influence'!W199 -> 2034 | B83: =('factor influence'!X199)/1000 -> 10.809351 | C83: =('factor influence'!Y199)/1000 -> 0.069742917 | D83: =('factor influence'!Z199)/1000 -> 10.879094 | E83: =('factor influence'!AA199)/1000 -> 0 | F83: =('factor influence'!AB199)/1000 -> 3.5133896 | G83: =('factor influence'!AC199)/1000 -> 0.047697548 | H83: =('factor influence'!AD199)/1000 -> 3.5610871 | I83: ='factor influence'!AE199 -> 0 | J83: =('factor influence'!AF199)/1000000 -> 35.184087 | K83: =('factor influence'!AG199)/1000000 -> 0.47765687 | L83: =('factor influence'!AH199)/1000000 -> 35.661744 | M83: =('factor influence'!AI199)/1000000 -> 0 | N83: =('factor influence'!AJ199)/1000000 -> 26.541149 | O83: =('factor influence'!AK199)/1000000 -> 0.3603209 | P83: =('factor influence'!AL199)/1000000 -> 26.901469 | Q83: ='factor influence'!AM199 -> 0 | R83: ='factor influence'!AN199 -> 0 | S83: ='factor influence'!AO199 -> 0.0125 | T83: ='factor influence'!AP199 -> 0.0295 | W83: 2034 | X83: 65.479696 | Y83: 35.661744 | Z83: -23.788115 | AB83: 49.394669 | AC83: 26.901469 | AD83: -17.944586
A84: ='factor influence'!W200 -> 2035 | B84: =('factor influence'!X200)/1000 -> 12.469573 | C84: =('factor influence'!Y200)/1000 -> 0.084117933 | D84: =('factor influence'!Z200)/1000 -> 12.553691 | E84: =('factor influence'!AA200)/1000 -> 0 | F84: =('factor influence'!AB200)/1000 -> 3.8701221 | G84: =('factor influence'!AC200)/1000 -> 0.056695757 | H84: =('factor influence'!AD200)/1000 -> 3.9268179 | I84: ='factor influence'!AE200 -> 0 | J84: =('factor influence'!AF200)/1000000 -> 38.756509 | K84: =('factor influence'!AG200)/1000000 -> 0.56776751 | L84: =('factor influence'!AH200)/1000000 -> 39.324276 | M84: =('factor influence'!AI200)/1000000 -> 0 | N84: =('factor influence'!AJ200)/1000000 -> 29.236008 | O84: =('factor influence'!AK200)/1000000 -> 0.42829595 | P84: =('factor influence'!AL200)/1000000 -> 29.664304 | Q84: ='factor influence'!AM200 -> 0 | R84: ='factor influence'!AN200 -> 0 | S84: ='factor influence'!AO200 -> 0.0125 | T84: ='factor influence'!AP200 -> 0.0295 | W84: 2035 | X84: 69.835704 | Y84: 39.324276 | Z84: -25.764643 | AB84: 52.680628 | AC84: 29.664304 | AD84: -19.435583
A85: ='factor influence'!W201 -> 0 | B85: =('factor influence'!X201)/1000 -> 0 | C85: =('factor influence'!Y201)/1000 -> 0 | D85: =('factor influence'!Z201)/1000 -> 0 | E85: =('factor influence'!AA201)/1000 -> 0 | F85: =('factor influence'!AB201)/1000 -> 0 | G85: =('factor influence'!AC201)/1000 -> 0 | H85: =('factor influence'!AD201)/1000 -> 0 | I85: ='factor influence'!AE201 -> 0 | J85: =('factor influence'!AF201)/1000000 -> 0 | K85: =('factor influence'!AG201)/1000000 -> 0 | L85: =('factor influence'!AH201)/1000000 -> 0 | M85: =('factor influence'!AI201)/1000000 -> 0 | N85: =('factor influence'!AJ201)/1000000 -> 0 | O85: =('factor influence'!AK201)/1000000 -> 0 | P85: =('factor influence'!AL201)/1000000 -> 0 | Q85: ='factor influence'!AM201 -> 0 | R85: ='factor influence'!AN201 -> 0 | S85: ='factor influence'!AO201 -> 0 | T85: ='factor influence'!AP201 -> 0
A86: ='factor influence'!W202 -> 0 | B86: =('factor influence'!X202)/1000 -> 0 | C86: =('factor influence'!Y202)/1000 -> 0 | D86: =('factor influence'!Z202)/1000 -> 0 | E86: =('factor influence'!AA202)/1000 -> 0 | F86: =('factor influence'!AB202)/1000 -> 0 | G86: =('factor influence'!AC202)/1000 -> 0 | H86: =('factor influence'!AD202)/1000 -> 0 | I86: ='factor influence'!AE202 -> 0 | J86: =('factor influence'!AF202)/1000000 -> 0 | K86: =('factor influence'!AG202)/1000000 -> 0 | L86: =('factor influence'!AH202)/1000000 -> 0 | M86: =('factor influence'!AI202)/1000000 -> 0 | N86: =('factor influence'!AJ202)/1000000 -> 0 | O86: =('factor influence'!AK202)/1000000 -> 0 | P86: =('factor influence'!AL202)/1000000 -> 0 | Q86: ='factor influence'!AM202 -> 0 | R86: ='factor influence'!AN202 -> 0 | S86: ='factor influence'!AO202 -> 0 | T86: ='factor influence'!AP202 -> 0
A87: ='factor influence'!W203 -> Error bar min | B87: =('factor influence'!X203)/1000 -> 0 | C87: =('factor influence'!Y203)/1000 -> 0 | D87: =('factor influence'!Z203)/1000 -> 0 | E87: =('factor influence'!AA203)/1000 -> 0 | F87: =('factor influence'!AB203)/1000 -> 0 | G87: =('factor influence'!AC203)/1000 -> 0 | H87: =('factor influence'!AD203)/1000 -> 0 | I87: ='factor influence'!AE203 -> 0 | J87: =('factor influence'!AF203)/1000000 -> 0 | K87: =('factor influence'!AG203)/1000000 -> 0 | L87: =('factor influence'!AH203)/1000000 -> 0 | M87: =('factor influence'!AI203)/1000000 -> 0 | N87: =('factor influence'!AJ203)/1000000 -> 0 | O87: =('factor influence'!AK203)/1000000 -> 0 | P87: =('factor influence'!AL203)/1000000 -> 0 | Q87: ='factor influence'!AM203 -> 0 | R87: ='factor influence'!AN203 -> 0 | S87: ='factor influence'!AO203 -> 0 | T87: ='factor influence'!AP203 -> 0
A88: ='factor influence'!W204 -> 0 | B88: =('factor influence'!X204)/1000 -> #VALUE! | C88: =('factor influence'!Y204)/1000 -> #VALUE! | D88: =('factor influence'!Z204)/1000 -> #VALUE! | E88: =('factor influence'!AA204)/1000 -> 0 | F88: =('factor influence'!AB204)/1000 -> #VALUE! | G88: =('factor influence'!AC204)/1000 -> #VALUE! | H88: =('factor influence'!AD204)/1000 -> #VALUE! | I88: ='factor influence'!AE204 -> 0 | J88: =('factor influence'!AF204)/1000000 -> #VALUE! | K88: =('factor influence'!AG204)/1000000 -> #VALUE! | L88: =('factor influence'!AH204)/1000000 -> #VALUE! | M88: =('factor influence'!AI204)/1000000 -> 0 | N88: =('factor influence'!AJ204)/1000000 -> #VALUE! | O88: =('factor influence'!AK204)/1000000 -> #VALUE! | P88: =('factor influence'!AL204)/1000000 -> #VALUE! | Q88: ='factor influence'!AM204 -> 0 | R88: ='factor influence'!AN204 -> 0 | S88: ='factor influence'!AO204 -> Electronic | T88: ='factor influence'!AP204 -> Semiconductor
A89: ='factor influence'!W205 -> 2020 | B89: =('factor influence'!X205)/1000 -> -1.2827517 | C89: =('factor influence'!Y205)/1000 -> -0.0062726144 | D89: =('factor influence'!Z205)/1000 -> -1.2890243 | E89: =('factor influence'!AA205)/1000 -> 0 | F89: =('factor influence'!AB205)/1000 -> -0.8685524 | G89: =('factor influence'!AC205)/1000 -> -0.0047651635 | H89: =('factor influence'!AD205)/1000 -> -0.87331756 | I89: ='factor influence'!AE205 -> 0 | J89: =('factor influence'!AF205)/1000000 -> -8.6979319 | K89: =('factor influence'!AG205)/1000000 -> -0.047719709 | L89: =('factor influence'!AH205)/1000000 -> -8.7456516 | M89: =('factor influence'!AI205)/1000000 -> 0 | N89: =('factor influence'!AJ205)/1000000 -> -6.561293 | O89: =('factor influence'!AK205)/1000000 -> -0.035997407 | P89: =('factor influence'!AL205)/1000000 -> -6.5972904 | Q89: ='factor influence'!AM205 -> 0 | R89: ='factor influence'!AN205 -> 0 | S89: ='factor influence'!AO205 -> 0 | T89: ='factor influence'!AP205 -> 0
A90: ='factor influence'!W206 -> 2021 | B90: =('factor influence'!X206)/1000 -> -1.3523378 | C90: =('factor influence'!Y206)/1000 -> -0.0068549794 | D90: =('factor influence'!Z206)/1000 -> -1.3591928 | E90: =('factor influence'!AA206)/1000 -> 0 | F90: =('factor influence'!AB206)/1000 -> -0.91566923 | G90: =('factor influence'!AC206)/1000 -> -0.0052075731 | H90: =('factor influence'!AD206)/1000 -> -0.9208768 | I90: ='factor influence'!AE206 -> 0 | J90: =('factor influence'!AF206)/1000000 -> -9.1697732 | K90: =('factor influence'!AG206)/1000000 -> -0.052150125 | L90: =('factor influence'!AH206)/1000000 -> -9.2219234 | M90: =('factor influence'!AI206)/1000000 -> 0 | N90: =('factor influence'!AJ206)/1000000 -> -6.917227 | O90: =('factor influence'!AK206)/1000000 -> -0.039339495 | P90: =('factor influence'!AL206)/1000000 -> -6.9565664 | Q90: ='factor influence'!AM206 -> 0 | R90: ='factor influence'!AN206 -> 0 | S90: ='factor influence'!AO206 -> 0 | T90: ='factor influence'!AP206 -> 0
A91: ='factor influence'!W207 -> 2022 | B91: =('factor influence'!X207)/1000 -> -1.4256988 | C91: =('factor influence'!Y207)/1000 -> -0.0074914126 | D91: =('factor influence'!Z207)/1000 -> -1.4331902 | E91: =('factor influence'!AA207)/1000 -> 0 | F91: =('factor influence'!AB207)/1000 -> -0.96534202 | G91: =('factor influence'!AC207)/1000 -> -0.005691057 | H91: =('factor influence'!AD207)/1000 -> -0.97103308 | I91: ='factor influence'!AE207 -> 0 | J91: =('factor influence'!AF207)/1000000 -> -9.6672108 | K91: =('factor influence'!AG207)/1000000 -> -0.056991871 | L91: =('factor influence'!AH207)/1000000 -> -9.7242027 | M91: =('factor influence'!AI207)/1000000 -> 0 | N91: =('factor influence'!AJ207)/1000000 -> -7.2924694 | O91: =('factor influence'!AK207)/1000000 -> -0.042991871 | P91: =('factor influence'!AL207)/1000000 -> -7.3354613 | Q91: ='factor influence'!AM207 -> 0 | R91: ='factor influence'!AN207 -> 0 | S91: ='factor influence'!AO207 -> 0 | T91: ='factor influence'!AP207 -> 0
A92: ='factor influence'!W208 -> 2023 | B92: =('factor influence'!X208)/1000 -> -1.5030394 | C92: =('factor influence'!Y208)/1000 -> -0.0081869339 | D92: =('factor influence'!Z208)/1000 -> -1.5112264 | E92: =('factor influence'!AA208)/1000 -> 0 | F92: =('factor influence'!AB208)/1000 -> -1.0177094 | G92: =('factor influence'!AC208)/1000 -> -0.0062194288 | H92: =('factor influence'!AD208)/1000 -> -1.0239289 | I92: ='factor influence'!AE208 -> 0 | J92: =('factor influence'!AF208)/1000000 -> -10.191633 | K92: =('factor influence'!AG208)/1000000 -> -0.062283137 | L92: =('factor influence'!AH208)/1000000 -> -10.253916 | M92: =('factor influence'!AI208)/1000000 -> 0 | N92: =('factor influence'!AJ208)/1000000 -> -7.6880679 | O92: =('factor influence'!AK208)/1000000 -> -0.046983342 | P92: =('factor influence'!AL208)/1000000 -> -7.7350513 | Q92: ='factor influence'!AM208 -> 0 | R92: ='factor influence'!AN208 -> 0 | S92: ='factor influence'!AO208 -> 0 | T92: ='factor influence'!AP208 -> 0
A93: ='factor influence'!W209 -> 2024 | B93: =('factor influence'!X209)/1000 -> -1.5845756 | C93: =('factor influence'!Y209)/1000 -> -0.0089470291 | D93: =('factor influence'!Z209)/1000 -> -1.5935226 | E93: =('factor influence'!AA209)/1000 -> 0 | F93: =('factor influence'!AB209)/1000 -> -1.0729177 | G93: =('factor influence'!AC209)/1000 -> -0.006796856 | H93: =('factor influence'!AD209)/1000 -> -1.0797145 | I93: ='factor influence'!AE209 -> 0 | J93: =('factor influence'!AF209)/1000000 -> -10.744504 | K93: =('factor influence'!AG209)/1000000 -> -0.068065658 | L93: =('factor influence'!AH209)/1000000 -> -10.81257 | M93: =('factor influence'!AI209)/1000000 -> 0 | N93: =('factor influence'!AJ209)/1000000 -> -8.1051266 | O93: =('factor influence'!AK209)/1000000 -> -0.051345392 | P93: =('factor influence'!AL209)/1000000 -> -8.156472 | Q93: ='factor influence'!AM209 -> 0 | R93: ='factor influence'!AN209 -> 0 | S93: ='factor influence'!AO209 -> 0 | T93: ='factor influence'!AP209 -> 0
A94: ='factor influence'!W210 -> 2025 | B94: =('factor influence'!X210)/1000 -> -1.6705349 | C94: =('factor influence'!Y210)/1000 -> -0.0097776934 | D94: =('factor influence'!Z210)/1000 -> -1.6803126 | E94: =('factor influence'!AA210)/1000 -> 0 | F94: =('factor influence'!AB210)/1000 -> -1.1311208 | G94: =('factor influence'!AC210)/1000 -> -0.0074278929 | H94: =('factor influence'!AD210)/1000 -> -1.1385487 | I94: ='factor influence'!AE210 -> 0 | J94: =('factor influence'!AF210)/1000000 -> -11.327367 | K94: =('factor influence'!AG210)/1000000 -> -0.074385041 | L94: =('factor influence'!AH210)/1000000 -> -11.401752 | M94: =('factor influence'!AI210)/1000000 -> 0 | N94: =('factor influence'!AJ210)/1000000 -> -8.5448098 | O94: =('factor influence'!AK210)/1000000 -> -0.056112425 | P94: =('factor influence'!AL210)/1000000 -> -8.6009222 | Q94: ='factor influence'!AM210 -> 0 | R94: ='factor influence'!AN210 -> 0 | S94: ='factor influence'!AO210 -> 0.0125 | T94: ='factor influence'!AP210 -> 0.0295
A95: ='factor influence'!W211 -> 2026 | B95: =('factor influence'!X211)/1000 -> -2.1015084 | C95: =('factor influence'!Y211)/1000 -> -0.012099896 | D95: =('factor influence'!Z211)/1000 -> -2.1136083 | E95: =('factor influence'!AA211)/1000 -> 0 | F95: =('factor influence'!AB211)/1000 -> -1.2288789 | G95: =('factor influence'!AC211)/1000 -> -0.0087811621 | H95: =('factor influence'!AD211)/1000 -> -1.2376601 | I95: ='factor influence'!AE211 -> 0 | J95: =('factor influence'!AF211)/1000000 -> -12.306345 | K95: =('factor influence'!AG211)/1000000 -> -0.087937066 | L95: =('factor influence'!AH211)/1000000 -> -12.394282 | M95: =('factor influence'!AI211)/1000000 -> 0 | N95: =('factor influence'!AJ211)/1000000 -> -9.2833026 | O95: =('factor influence'!AK211)/1000000 -> -0.066335407 | P95: =('factor influence'!AL211)/1000000 -> -9.349638 | Q95: ='factor influence'!AM211 -> 0 | R95: ='factor influence'!AN211 -> 0 | S95: ='factor influence'!AO211 -> 0.0125 | T95: ='factor influence'!AP211 -> 0.0295
A96: ='factor influence'!W212 -> 2027 | B96: =('factor influence'!X212)/1000 -> -2.579143 | C96: =('factor influence'!Y212)/1000 -> -0.01480344 | D96: =('factor influence'!Z212)/1000 -> -2.5939464 | E96: =('factor influence'!AA212)/1000 -> 0 | F96: =('factor influence'!AB212)/1000 -> -1.3344014 | G96: =('factor influence'!AC212)/1000 -> -0.010338054 | H96: =('factor influence'!AD212)/1000 -> -1.3447395 | I96: ='factor influence'!AE212 -> 0 | J96: =('factor influence'!AF212)/1000000 -> -13.363077 | K96: =('factor influence'!AG212)/1000000 -> -0.10352823 | L96: =('factor influence'!AH212)/1000000 -> -13.466605 | M96: =('factor influence'!AI212)/1000000 -> 0 | N96: =('factor influence'!AJ212)/1000000 -> -10.080449 | O96: =('factor influence'!AK212)/1000000 -> -0.078096616 | P96: =('factor influence'!AL212)/1000000 -> -10.158546 | Q96: ='factor influence'!AM212 -> 0 | R96: ='factor influence'!AN212 -> 0 | S96: ='factor influence'!AO212 -> 0.0125 | T96: ='factor influence'!AP212 -> 0.0295
... A104: ='factor influence'!W220 -> 2035 | B104: =('factor influence'!X220)/1000 -> -8.6498448 | C104: =('factor influence'!Y220)/1000 -> -0.058574235 | D104: =('factor influence'!Z220)/1000 -> -8.708419 | E104: =('factor influence'!AA220)/1000 -> 0 | F104: =('factor influence'!AB220)/1000 -> -2.5383838 | G104: =('factor influence'!AC220)/1000 -> -0.034405149 | H104: =('factor influence'!AD220)/1000 -> -2.5727889 | I104: ='factor influence'!AE220 -> 0 | J104: =('factor influence'!AF220)/1000000 -> -25.4201 | K104: =('factor influence'!AG220)/1000000 -> -0.34454299 | L104: =('factor influence'!AH220)/1000000 -> -25.764643 | M104: =('factor influence'!AI220)/1000000 -> 0 | N104: =('factor influence'!AJ220)/1000000 -> -19.175676 | O104: =('factor influence'!AK220)/1000000 -> -0.25990632 | P104: =('factor influence'!AL220)/1000000 -> -19.435583 | Q104: ='factor influence'!AM220 -> 0 | R104: ='factor influence'!AN220 -> 0 | S104: ='factor influence'!AO220 -> 0.0125 | T104: ='factor influence'!AP220 -> 0.0295

Sheet factor influence
B3: Basic, 6.6%+14.9% | X3: -0.15 | AT3: 40
B4: Results | K4: PFOS as basic | O4: PFOA Basic | S4: CAGR | X4: Results | AG4: PFOS as basic | AK4: PFOA Basic | AO4: CAGR | AT4: Results | BC4: PFOS as basic | BG4: PFOA Basic | BK4: CAGR
C5: Use amount | G5: Emission to wastewater | K5: toxicity influence | O5: toxicity influence | T5: Use amount | Y5: Use amount | AC5: Emission to wastewater | AG5: toxicity influence | AK5: toxicity influence | AP5: Use amount | AU5: Use amount | AY5: Emission to wastewater | BC5: toxicity influence | BG5: toxicity influence | BL5: Use amount
C6: Electronic | D6: Semiconductor | E6: Total | G6: Electronic | H6: Semiconductor | I6: Total | K6: Electronic | L6: Semiconductor | M6: Total | O6: Electronic | P6: Semiconductor | Q6: Total | T6: Electronic | U6: Semiconductor | Y6: Electronic | Z6: Semiconductor | AA6: Total | AC6: Electronic | AD6: Semiconductor | AE6: Total | AG6: Electronic | AH6: Semiconductor | AI6: Total | AK6: Electronic | AL6: Semiconductor | AM6: Total | AP6: Electronic | AQ6: Semiconductor | AU6: Electronic | AV6: Semiconductor | AW6: Total | AY6: Electronic | AZ6: Semiconductor | BA6: Total | BC6: Electronic | BD6: Semiconductor | BE6: Total | BG6: Electronic | BH6: Semiconductor | BI6: Total | BL6: Electronic | BM6: Semiconductor
B7: 2020 | C7: ='semicondutcor&electronic'!$B$17 -> 28051.177 | D7: ='semicondutcor&electronic'!$B$11 -> 31.363072 | E7: =C7+D7 -> 28082.54 | G7: =C7*'semicondutcor&electronic'!$D$16*'semicondutcor&electronic'!$E$16 -> 2796.9172 | H7: =D7*'semicondutcor&electronic'!$E$16 -> 14.891136 | I7: =G7+H7 -> 2811.8084 | K7: =G7/'PFAS toxicity'!$L$4*'PFAS toxicity'!$H$3 -> 28009128 | L7: =H7/'PFAS toxicity'!$L$4*'PFAS toxicity'!$H$3 -> 149124.09 | M7: =K7+L7 -> 28158252 | O7: =G7/'PFAS toxicity'!$L$4*'PFAS toxicity'!$I$3 -> 21128712 | P7: =H7/'PFAS toxicity'!$L$4*'PFAS toxicity'!$I$3 -> 112491.9 | Q7: =O7+P7 -> 21241204 | S7: 2020 | T7: ='semicondutcor&electronic'!$A$36^(1/4) -> 1.0542475 | U7: ='semicondutcor&electronic'!$A$35^(1/4) -> 1.0928425 | X7: 2020 | Y7: ='semicondutcor&electronic'!$B$17 -> 28051.177 | Z7: ='semicondutcor&electronic'!$B$11 -> 31.363072 | AA7: =Y7+Z7 -> 28082.54 | AC7: =Y7*'semicondutcor&electronic'!$D$16*'semicondutcor&electronic'!$E$17 -> 2377.3796 | AD7: =Z7*'semicondutcor&electronic'!$E$17 -> 12.657466 | AE7: =AC7+AD7 -> 2390.0371 | AG7: =AC7/'PFAS toxicity'!$L$4*'PFAS toxicity'!$H$3 -> 23807759 | AH7: =AD7/'PFAS toxicity'!$L$4*'PFAS toxicity'!$H$3 -> 126755.48 | AI7: =AG7+AH7 -> 23934514 | AK7: =AC7/'PFAS toxicity'!$L$4*'PFAS toxicity'!$I$3 -> 17959405 | AL7: =AD7/'PFAS toxicity'!$L$4*'PFAS toxicity'!$I$3 -> 95618.112 | AM7: =AK7+AL7 -> 18055023 | AO7: 2020 | AP7: ='semicondutcor&electronic'!$A$36^(1/4) -> 1.0542475 | AQ7: ='semicondutcor&electronic'!$A$35^(1/4) -> 1.0928425 | AT7: 2020 | AU7: ='semicondutcor&electronic'!$B$17 -> 28051.177 | AV7: ='semicondutcor&electronic'!$B$12 -> 25.090458 | AW7: =AU7+AV7 -> 28076.267 | AY7: =AU7*'semicondutcor&electronic'!$D$16*'semicondutcor&electronic'!$E$16 -> 2796.9172 | AZ7: =AV7*'semicondutcor&electronic'!$E$16 -> 11.912909 | BA7: =AY7+AZ7 -> 2808.8301 | BC7: =AY7/'PFAS toxicity'!$L$4*'PFAS toxicity'!$H$3 -> 28009128 | BD7: =AZ7/'PFAS toxicity'!$L$4*'PFAS toxicity'!$H$3 -> 119299.27 | BE7: =BC7+BD7 -> 28128427 | BG7: =AY7/'PFAS toxicity'!$L$4*'PFAS toxicity'!$I$3 -> 21128712 | BH7: =AZ7/'PFAS toxicity'!$L$4*'PFAS toxicity'!$I$3 -> 89993.517 | BI7: =BG7+BH7 -> 21218705 | BK7: 2020 | BL7: ='semicondutcor&electronic'!$A$36^(1/4) -> 1.0542475 | BM7: ='semicondutcor&electronic'!$A$35^(1/4) -> 1.0928425
B8: 2021 | C8: =C7*T7 -> 29572.884 | D8: =D7*U7 -> 34.274897 | E8: =C8+D8 -> 29607.159 | G8: =C8*'semicondutcor&electronic'!$D$16*'semicondutcor&electronic'!$E$16 -> 2948.6431 | H8: =D8*'semicondutcor&electronic'!$E$16 -> 16.273666 | I8: =G8+H8 -> 2964.9167 | K8: =G8/'PFAS toxicity'!$L$4*'PFAS toxicity'!$H$3 -> 29528554 | L8: =H8/'PFAS toxicity'!$L$4*'PFAS toxicity'!$H$3 -> 162969.14 | M8: =K8+L8 -> 29691523 | O8: =G8/'PFAS toxicity'!$L$4*'PFAS toxicity'!$I$3 -> 22274892 | P8: =H8/'PFAS toxicity'!$L$4*'PFAS toxicity'!$I$3 -> 122935.92 | Q8: =O8+P8 -> 22397828 | S8: 2021 | T8: ='semicondutcor&electronic'!$A$36^(1/4) -> 1.0542475 | U8: ='semicondutcor&electronic'!$A$35^(1/4) -> 1.0928425 | X8: 2021 | Y8: =Y7*AP7 -> 29572.884 | Z8: =Z7*AQ7 -> 34.274897 | AA8: =Y8+Z8 -> 29607.159 | AC8: =Y8*'semicondutcor&electronic'!$D$16*'semicondutcor&electronic'!$E$17 -> 2506.3466 | AD8: =Z8*'semicondutcor&electronic'!$E$17 -> 13.832616 | AE8: =AC8+AD8 -> 2520.1792 | AG8: =AC8/'PFAS toxicity'!$L$4*'PFAS toxicity'!$H$3 -> 25099271 | AH8: =AD8/'PFAS toxicity'!$L$4*'PFAS toxicity'!$H$3 -> 138523.77 | AI8: =AG8+AH8 -> 25237795 | AK8: =AC8/'PFAS toxicity'!$L$4*'PFAS toxicity'!$I$3 -> 18933658 | AL8: =AD8/'PFAS toxicity'!$L$4*'PFAS toxicity'!$I$3 -> 104495.53 | AM8: =AK8+AL8 -> 19038154 | AO8: 2021 | AP8: ='semicondutcor&electronic'!$A$36^(1/4) -> 1.0542475 | AQ8: ='semicondutcor&electronic'!$A$35^(1/4) -> 1.0928425 | AT8: 2021 | AU8: =AU7*BL7 -> 29572.884 | AV8: =AV7*BM7 -> 27.419918 | AW8: =AU8+AV8 -> 29600.304 | AY8: =AU8*'semicondutcor&electronic'!$D$16*'semicondutcor&electronic'!$E$16 -> 2948.6431 | AZ8: =AV8*'semicondutcor&electronic'!$E$16 -> 13.018933 | BA8: =AY8+AZ8 -> 2961.662 | BC8: =AY8/'PFAS toxicity'!$L$4*'PFAS toxicity'!$H$3 -> 29528554 | BD8: =AZ8/'PFAS toxicity'!$L$4*'PFAS toxicity'!$H$3 -> 130375.31 | BE8: =BC8+BD8 -> 29658930 | BG8: =AY8/'PFAS toxicity'!$L$4*'PFAS toxicity'!$I$3 -> 22274892 | BH8: =AZ8/'PFAS toxicity'!$L$4*'PFAS toxicity'!$I$3 -> 98348.737 | BI8: =BG8+BH8 -> 22373241 | BK8: 2021 | BL8: ='semicondutcor&electronic'!$A$36^(1/4) -> 1.0542475 | BM8: ='semicondutcor&electronic'!$A$35^(1/4) -> 1.0928425
B9: 2022 | C9: =C8*T8 -> 31177.14 | D9: =D8*U8 -> 37.457063 | E9: =C9+D9 -> 31214.597 | G9: =C9*'semicondutcor&electronic'!$D$16*'semicondutcor&electronic'!$E$16 -> 3108.5997 | H9: =D9*'semicondutcor&electronic'!$E$16 -> 17.784553 | I9: =G9+H9 -> 3126.3842 | K9: =G9/'PFAS toxicity'!$L$4*'PFAS toxicity'!$H$3 -> 31130405 | L9: =H9/'PFAS toxicity'!$L$4*'PFAS toxicity'!$H$3 -> 178099.6 | M9: =K9+L9 -> 31308505 | O9: =G9/'PFAS toxicity'!$L$4*'PFAS toxicity'!$I$3 -> 23483250 | P9: =H9/'PFAS toxicity'!$L$4*'PFAS toxicity'!$I$3 -> 134349.6 | Q9: =O9+P9 -> 23617600 | S9: 2022 | T9: ='semicondutcor&electronic'!$A$36^(1/4) -> 1.0542475 | U9: ='semicondutcor&electronic'!$A$35^(1/4) -> 1.0928425 | X9: 2022 | Y9: =Y8*AP8 -> 31177.14 | Z9: =Z8*AQ8 -> 37.457063 | AA9: =Y9+Z9 -> 31214.597 | AC9: =Y9*'semicondutcor&electronic'!$D$16*'semicondutcor&electronic'!$E$17 -> 2642.3097 | AD9: =Z9*'semicondutcor&electronic'!$E$17 -> 15.11687 | AE9: =AC9+AD9 -> 2657.4266 | AG9: =AC9/'PFAS toxicity'!$L$4*'PFAS toxicity'!$H$3 -> 26460845 | AH9: =AD9/'PFAS toxicity'!$L$4*'PFAS toxicity'!$H$3 -> 151384.66 | AI9: =AG9+AH9 -> 26612229 | AK9: =AC9/'PFAS toxicity'!$L$4*'PFAS toxicity'!$I$3 -> 19960763 | AL9: =AD9/'PFAS toxicity'!$L$4*'PFAS toxicity'!$I$3 -> 114197.16 | AM9: =AK9+AL9 -> 20074960 | AO9: 2022 | AP9: ='semicondutcor&electronic'!$A$36^(1/4) -> 1.0542475 | AQ9: ='semicondutcor&electronic'!$A$35^(1/4) -> 1.0928425 | AT9: 2022 | AU9: =AU8*BL8 -> 31177.14 | AV9: =AV8*BM8 -> 29.965651 | AW9: =AU9+AV9 -> 31207.105 | AY9: =AU9*'semicondutcor&electronic'!$D$16*'semicondutcor&electronic'!$E$16 -> 3108.5997 | AZ9: =AV9*'semicondutcor&electronic'!$E$16 -> 14.227643 | BA9: =AY9+AZ9 -> 3122.8273 | BC9: =AY9/'PFAS toxicity'!$L$4*'PFAS toxicity'!$H$3 -> 31130405 | BD9: =AZ9/'PFAS toxicity'!$L$4*'PFAS toxicity'!$H$3 -> 142479.68 | BE9: =BC9+BD9 -> 31272885 | BG9: =AY9/'PFAS toxicity'!$L$4*'PFAS toxicity'!$I$3 -> 23483250 | BH9: =AZ9/'PFAS toxicity'!$L$4*'PFAS toxicity'!$I$3 -> 107479.68 | BI9: =BG9+BH9 -> 23590730 | BK9: 2022 | BL9: ='semicondutcor&electronic'!$A$36^(1/4) -> 1.0542475 | BM9: ='semicondutcor&electronic'!$A$35^(1/4) -> 1.0928425
B10: 2023 | C10: =C9*T9 -> 32868.423 | D10: =D9*U9 -> 40.93467 | E10: =C10+D10 -> 32909.357 | G10: =C10*'semicondutcor&electronic'!$D$16*'semicondutcor&electronic'!$E$16 -> 3277.2336 | H10: =D10*'semicondutcor&electronic'!$E$16 -> 19.435715 | I10: =G10+H10 -> 3296.6693 | K10: =G10/'PFAS toxicity'!$L$4*'PFAS toxicity'!$H$3 -> 32819153 | L10: =H10/'PFAS toxicity'!$L$4*'PFAS toxicity'!$H$3 -> 194634.8 | M10: =K10+L10 -> 33013788 | O10: =G10/'PFAS toxicity'!$L$4*'PFAS toxicity'!$I$3 -> 24757159 | P10: =H10/'PFAS toxicity'!$L$4*'PFAS toxicity'!$I$3 -> 146822.94 | Q10: =O10+P10 -> 24903982 | S10: 2023 | T10: ='semicondutcor&electronic'!$A$36^(1/4) -> 1.0542475 | U10: ='semicondutcor&electronic'!$A$35^(1/4) -> 1.0928425 | X10: 2023 | Y10: =Y9*AP9 -> 32868.423 | Z10: =Z9*AQ9 -> 40.93467 | AA10: =Y10+Z10 -> 32909.357 | AC10: =Y10*'semicondutcor&electronic'!$D$16*'semicondutcor&electronic'!$E$17 -> 2785.6485 | AD10: =Z10*'semicondutcor&electronic'!$E$17 -> 16.520358 | AE10: =AC10+AD10 -> 2802.1689 | AG10: =AC10/'PFAS toxicity'!$L$4*'PFAS toxicity'!$H$3 -> 27896280 | AH10: =AD10/'PFAS toxicity'!$L$4*'PFAS toxicity'!$H$3 -> 165439.58 | AI10: =AG10+AH10 -> 28061720 | AK10: =AC10/'PFAS toxicity'!$L$4*'PFAS toxicity'!$I$3 -> 21043585 | AL10: =AD10/'PFAS toxicity'!$L$4*'PFAS toxicity'!$I$3 -> 124799.5 | AM10: =AK10+AL10 -> 21168384 | AO10: 2023 | AP10: ='semicondutcor&electronic'!$A$36^(1/4) -> 1.0542475 | AQ10: ='semicondutcor&electronic'!$A$35^(1/4) -> 1.0928425 | AT10: 2023 | AU10: =AU9*BL9 -> 32868.423 | AV10: =AV9*BM9 -> 32.747736 | AW10: =AU10+AV10 -> 32901.17 | AY10: =AU10*'semicondutcor&electronic'!$D$16*'semicondutcor&electronic'!$E$16 -> 3277.2336 | AZ10: =AV10*'semicondutcor&electronic'!$E$16 -> 15.548572 | BA10: =AY10+AZ10 -> 3292.7821 | BC10: =AY10/'PFAS toxicity'!$L$4*'PFAS toxicity'!$H$3 -> 32819153 | BD10: =AZ10/'PFAS toxicity'!$L$4*'PFAS toxicity'!$H$3 -> 155707.84 | BE10: =BC10+BD10 -> 32974861 | BG10: =AY10/'PFAS toxicity'!$L$4*'PFAS toxicity'!$I$3 -> 24757159 | BH10: =AZ10/'PFAS toxicity'!$L$4*'PFAS toxicity'!$I$3 -> 117458.36 | BI10: =BG10+BH10 -> 24874617 | BK10: 2023 | BL10: ='semicondutcor&electronic'!$A$36^(1/4) -> 1.0542475 | BM10: ='semicondutcor&electronic'!$A$35^(1/4) -> 1.0928425
B11: 2024 | C11: =C10*T10 -> 34651.453 | D11: =D10*U10 -> 44.735145 | E11: =C11+D11 -> 34696.189 | G11: =C11*'semicondutcor&electronic'!$D$16*'semicondutcor&electronic'!$E$16 -> 3455.0154 | H11: =D11*'semicondutcor&electronic'!$E$16 -> 21.240175 | I11: =G11+H11 -> 3476.2556 | K11: =G11/'PFAS toxicity'!$L$4*'PFAS toxicity'!$H$3 -> 34599511 | L11: =H11/'PFAS toxicity'!$L$4*'PFAS toxicity'!$H$3 -> 212705.18 | M11: =K11+L11 -> 34812216 | O11: =G11/'PFAS toxicity'!$L$4*'PFAS toxicity'!$I$3 -> 26100173 | P11: =H11/'PFAS toxicity'!$L$4*'PFAS toxicity'!$I$3 -> 160454.35 | Q11: =O11+P11 -> 26260628 | S11: 2024 | T11: ='semicondutcor&electronic'!$A$36^(1/4) -> 1.0542475 | U11: ='semicondutcor&electronic'!$A$35^(1/4) -> 1.0928425 | X11: 2024 | Y11: =Y10*AP10 -> 34651.453 | Z11: =Z10*AQ10 -> 44.735145 | AA11: =Y11+Z11 -> 34696.189 | AC11: =Y11*'semicondutcor&electronic'!$D$16*'semicondutcor&electronic'!$E$17 -> 2936.7631 | AD11: =Z11*'semicondutcor&electronic'!$E$17 -> 18.054149 | AE11: =AC11+AD11 -> 2954.8172 | AG11: =AC11/'PFAS toxicity'!$L$4*'PFAS toxicity'!$H$3 -> 29409585 | AH11: =AD11/'PFAS toxicity'!$L$4*'PFAS toxicity'!$H$3 -> 180799.4 | AI11: =AG11+AH11 -> 29590384 | AK11: =AC11/'PFAS toxicity'!$L$4*'PFAS toxicity'!$I$3 -> 22185147 | AL11: =AD11/'PFAS toxicity'!$L$4*'PFAS toxicity'!$I$3 -> 136386.2 | AM11: =AK11+AL11 -> 22321534 | AO11: 2024 | AP11: ='semicondutcor&electronic'!$A$36^(1/4) -> 1.0542475 | AQ11: ='semicondutcor&electronic'!$A$35^(1/4) -> 1.0928425 | AT11: 2024 | AU11: =AU10*BL10 -> 34651.453 | AV11: =AV10*BM10 -> 35.788116 | AW11: =AU11+AV11 -> 34687.242 | AY11: =AU11*'semicondutcor&electronic'!$D$16*'semicondutcor&electronic'!$E$16 -> 3455.0154 | AZ11: =AV11*'semicondutcor&electronic'!$E$16 -> 16.99214 | BA11: =AY11+AZ11 -> 3472.0075 | BC11: =AY11/'PFAS toxicity'!$L$4*'PFAS toxicity'!$H$3 -> 34599511 | BD11: =AZ11/'PFAS toxicity'!$L$4*'PFAS toxicity'!$H$3 -> 170164.14 | BE11: =BC11+BD11 -> 34769675 | BG11: =AY11/'PFAS toxicity'!$L$4*'PFAS toxicity'!$I$3 -> 26100173 | BH11: =AZ11/'PFAS toxicity'!$L$4*'PFAS toxicity'!$I$3 -> 128363.48 | BI11: =BG11+BH11 -> 26228537 | BK11: 2024 | BL11: ='semicondutcor&electronic'!$A$36^(1/4) -> 1.0542475 | BM11: ='semicondutcor&electronic'!$A$35^(1/4) -> 1.0928425
B12: 2025 | C12: =C11*T11 -> 36531.209 | D12: =D11*U11 -> 48.888467 | E12: =C12+D12 -> 36580.098 | G12: =C12*'semicondutcor&electronic'!$D$16*'semicondutcor&electronic'!$E$16 -> 3642.4414 | H12: =D12*'semicondutcor&electronic'!$E$16 -> 23.212165 | I12: =G12+H12 -> 3665.6536 | K12: =G12/'PFAS toxicity'!$L$4*'PFAS toxicity'!$H$3 -> 36476449 | L12: =H12/'PFAS toxicity'!$L$4*'PFAS toxicity'!$H$3 -> 232453.25 | M12: =K12+L12 -> 36708903 | O12: =G12/'PFAS toxicity'!$L$4*'PFAS toxicity'!$I$3 -> 27516043 | P12: =H12/'PFAS toxicity'!$L$4*'PFAS toxicity'!$I$3 -> 175351.33 | Q12: =O12+P12 -> 27691395 | S12: 2025 | T12: =1+'semicondutcor&electronic'!$A$27 -> 1.066 | U12: =1+'semicondutcor&electronic'!$A$29 -> 1.1195 | X12: 2025 | Y12: =Y11*AP11 -> 36531.209 | Z12: =Z11*AQ11 -> 48.888467 | AA12: =Y12+Z12 -> 36580.098 | AC12: =Y12*'semicondutcor&electronic'!$D$16*'semicondutcor&electronic'!$E$17 -> 3096.0752 | AD12: =Z12*'semicondutcor&electronic'!$E$17 -> 19.73034 | AE12: =AC12+AD12 -> 3115.8056 | AG12: =AC12/'PFAS toxicity'!$L$4*'PFAS toxicity'!$H$3 -> 31004982 | AH12: =AD12/'PFAS toxicity'!$L$4*'PFAS toxicity'!$H$3 -> 197585.27 | AI12: =AG12+AH12 -> 31202567 | AK12: =AC12/'PFAS toxicity'!$L$4*'PFAS toxicity'!$I$3 -> 23388637 | AL12: =AD12/'PFAS toxicity'!$L$4*'PFAS toxicity'!$I$3 -> 149048.63 | AM12: =AK12+AL12 -> 23537685 | AO12: 2025 | AP12: =1+'semicondutcor&electronic'!$A$27 -> 1.066 | AQ12: =1+'semicondutcor&electronic'!$A$29 -> 1.1195 | AT12: 2025 | AU12: =AU11*BL11 -> 36531.209 | AV12: =AV11*BM11 -> 39.110773 | AW12: =AU12+AV12 -> 36570.32 | AY12: =AU12*'semicondutcor&electronic'!$D$16*'semicondutcor&electronic'!$E$16 -> 3642.4414 | AZ12: =AV12*'semicondutcor&electronic'!$E$16 -> 18.569732 | BA12: =AY12+AZ12 -> 3661.0112 | BC12: =AY12/'PFAS toxicity'!$L$4*'PFAS toxicity'!$H$3 -> 36476449 | BD12: =AZ12/'PFAS toxicity'!$L$4*'PFAS toxicity'!$H$3 -> 185962.6 | BE12: =BC12+BD12 -> 36662412 | BG12: =AY12/'PFAS toxicity'!$L$4*'PFAS toxicity'!$I$3 -> 27516043 | BH12: =AZ12/'PFAS toxicity'!$L$4*'PFAS toxicity'!$I$3 -> 140281.06 | BI12: =BG12+BH12 -> 27656324 | BK12: 2025 | BL12: =1+'semicondutcor&electronic'!$A$27 -> 1.066 | BM12: =1+'semicondutcor&electronic'!$A$29 -> 1.1195
B13: 2026 | C13: =C12*T12 -> 38942.269 | D13: =D12*U12 -> 54.730639 | E13: =C13+D13 -> 38997 | G13: =C13*'semicondutcor&electronic'!$D$16*'semicondutcor&electronic'!$E$16 -> 3882.8426 | H13: =D13*'semicondutcor&electronic'!$E$16 -> 25.986019 | I13: =G13+H13 -> 3908.8286 | K13: =G13/'PFAS toxicity'!$L$4*'PFAS toxicity'!$H$3 -> 38883895 | L13: =H13/'PFAS toxicity'!$L$4*'PFAS toxicity'!$H$3 -> 260231.42 | M13: =K13+L13 -> 39144126 | O13: =G13/'PFAS toxicity'!$L$4*'PFAS toxicity'!$I$3 -> 29332102 | P13: =H13/'PFAS toxicity'!$L$4*'PFAS toxicity'!$I$3 -> 196305.81 | Q13: =O13+P13 -> 29528408 | S13: 2026 | T13: =1+'semicondutcor&electronic'!$A$27 -> 1.066 | U13: =1+'semicondutcor&electronic'!$A$29 -> 1.1195 | X13: 2026 | Y13: =Y12*AP12 -> 38942.269 | Z13: =Z12*AQ12 -> 54.730639 | AA13: =Y13+Z13 -> 38997 | AC13: =Y13*'semicondutcor&electronic'!$D$16*'semicondutcor&electronic'!$E$17 -> 3300.4162 | AD13: =Z13*'semicondutcor&electronic'!$E$17 -> 22.088116 | AE13: =AC13+AD13 -> 3322.5043 | AG13: =AC13/'PFAS toxicity'!$L$4*'PFAS toxicity'!$H$3 -> 33051311 | AH13: =AD13/'PFAS toxicity'!$L$4*'PFAS toxicity'!$H$3 -> 221196.71 | AI13: =AG13+AH13 -> 33272507 | AK13: =AC13/'PFAS toxicity'!$L$4*'PFAS toxicity'!$I$3 -> 24932287 | AL13: =AD13/'PFAS toxicity'!$L$4*'PFAS toxicity'!$I$3 -> 166859.94 | AM13: =AK13+AL13 -> 25099147 | AO13: 2026 | AP13: =1+'semicondutcor&electronic'!$A$27 -> 1.066 | AQ13: =1+'semicondutcor&electronic'!$A$29 -> 1.1195 | AT13: 2026 | AU13: =AU12*BL12 -> 38942.269 | AV13: =AV12*BM12 -> 43.784511 | AW13: =AU13+AV13 -> 38986.054 | AY13: =AU13*'semicondutcor&electronic'!$D$16*'semicondutcor&electronic'!$E$16 -> 3882.8426 | AZ13: =AV13*'semicondutcor&electronic'!$E$16 -> 20.788815 | BA13: =AY13+AZ13 -> 3903.6314 | BC13: =AY13/'PFAS toxicity'!$L$4*'PFAS toxicity'!$H$3 -> 38883895 | BD13: =AZ13/'PFAS toxicity'!$L$4*'PFAS toxicity'!$H$3 -> 208185.13 | BE13: =BC13+BD13 -> 39092080 | BG13: =AY13/'PFAS toxicity'!$L$4*'PFAS toxicity'!$I$3 -> 29332102 | BH13: =AZ13/'PFAS toxicity'!$L$4*'PFAS toxicity'!$I$3 -> 157044.65 | BI13: =BG13+BH13 -> 29489147 | BK13: 2026 | BL13: =1+'semicondutcor&electronic'!$A$27 -> 1.066 | BM13: =1+'semicondutcor&electronic'!$A$29 -> 1.1195
B14: 2027 | C14: =C13*T13 -> 41512.459 | D14: =D13*U13 -> 61.27095 | E14: =C14+D14 -> 41573.73 | G14: =C14*'semicondutcor&electronic'!$D$16*'semicondutcor&electronic'!$E$16 -> 4139.1102 | H14: =D14*'semicondutcor&electronic'!$E$16 -> 29.091348 | I14: =G14+H14 -> 4168.2015 | K14: =G14/'PFAS toxicity'!$L$4*'PFAS toxicity'!$H$3 -> 41450232 | L14: =H14/'PFAS toxicity'!$L$4*'PFAS toxicity'!$H$3 -> 291329.07 | M14: =K14+L14 -> 41741561 | O14: =G14/'PFAS toxicity'!$L$4*'PFAS toxicity'!$I$3 -> 31268021 | P14: =H14/'PFAS toxicity'!$L$4*'PFAS toxicity'!$I$3 -> 219764.36 | Q14: =O14+P14 -> 31487785 | S14: 2027 | T14: =1+'semicondutcor&electronic'!$A$27 -> 1.066 | U14: =1+'semicondutcor&electronic'!$A$29 -> 1.1195 | X14: 2027 | Y14: =Y13*AP13 -> 41512.459 | Z14: =Z13*AQ13 -> 61.27095 | AA14: =Y14+Z14 -> 41573.73 | AC14: =Y14*'semicondutcor&electronic'!$D$16*'semicondutcor&electronic'!$E$17 -> 3518.2437 | AD14: =Z14*'semicondutcor&electronic'!$E$17 -> 24.727646 | AE14: =AC14+AD14 -> 3542.9713 | AG14: =AC14/'PFAS toxicity'!$L$4*'PFAS toxicity'!$H$3 -> 35232697 | AH14: =AD14/'PFAS toxicity'!$L$4*'PFAS toxicity'!$H$3 -> 247629.71 | AI14: =AG14+AH14 -> 35480327 | AK14: =AC14/'PFAS toxicity'!$L$4*'PFAS toxicity'!$I$3 -> 26577818 | AL14: =AD14/'PFAS toxicity'!$L$4*'PFAS toxicity'!$I$3 -> 186799.7 | AM14: =AK14+AL14 -> 26764618 | AO14: 2027 | AP14: =1+'semicondutcor&electronic'!$A$27 -> 1.066 | AQ14: =1+'semicondutcor&electronic'!$A$29 -> 1.1195 | AT14: 2027 | AU14: =AU13*BL13 -> 41512.459 | AV14: =AV13*BM13 -> 49.01676 | AW14: =AU14+AV14 -> 41561.476 | AY14: =AU14*'semicondutcor&electronic'!$D$16*'semicondutcor&electronic'!$E$16 -> 4139.1102 | AZ14: =AV14*'semicondutcor&electronic'!$E$16 -> 23.273079 | BA14: =AY14+AZ14 -> 4162.3833 | BC14: =AY14/'PFAS toxicity'!$L$4*'PFAS toxicity'!$H$3 -> 41450232 | BD14: =AZ14/'PFAS toxicity'!$L$4*'PFAS toxicity'!$H$3 -> 233063.26 | BE14: =BC14+BD14 -> 41683295 | BG14: =AY14/'PFAS toxicity'!$L$4*'PFAS toxicity'!$I$3 -> 31268021 | BH14: =AZ14/'PFAS toxicity'!$L$4*'PFAS toxicity'!$I$3 -> 175811.49 | BI14: =BG14+BH14 -> 31443832 | BK14: 2027 | BL14: =1+'semicondutcor&electronic'!$A$27 -> 1.066 | BM14: =1+'semicondutcor&electronic'!$A$29 -> 1.1195
B15: 2028 | C15: =C14*T14 -> 44252.281 | D15: =D14*U14 -> 68.592829 | E15: =C15+D15 -> 44320.874 | G15: =C15*'semicondutcor&electronic'!$D$16*'semicondutcor&electronic'!$E$16 -> 4412.2915 | H15: =D15*'semicondutcor&electronic'!$E$16 -> 32.567764 | I15: =G15+H15 -> 4444.8592 | K15: =G15/'PFAS toxicity'!$L$4*'PFAS toxicity'!$H$3 -> 44185947 | L15: =H15/'PFAS toxicity'!$L$4*'PFAS toxicity'!$H$3 -> 326142.9 | M15: =K15+L15 -> 44512090 | O15: =G15/'PFAS toxicity'!$L$4*'PFAS toxicity'!$I$3 -> 33331710 | P15: =H15/'PFAS toxicity'!$L$4*'PFAS toxicity'!$I$3 -> 246026.2 | Q15: =O15+P15 -> 33577737 | S15: 2028 | T15: =1+'semicondutcor&electronic'!$A$27 -> 1.066 | U15: =1+'semicondutcor&electronic'!$A$29 -> 1.1195 | X15: 2028 | Y15: =Y14*AP14 -> 44252.281 | Z15: =Z14*AQ14 -> 68.592829 | AA15: =Y15+Z15 -> 44320.874 | AC15: =Y15*'semicondutcor&electronic'!$D$16*'semicondutcor&electronic'!$E$17 -> 3750.4477 | AD15: =Z15*'semicondutcor&electronic'!$E$17 -> 27.6826 | AE15: =AC15+AD15 -> 3778.1303 | AG15: =AC15/'PFAS toxicity'!$L$4*'PFAS toxicity'!$H$3 -> 37558055 | AH15: =AD15/'PFAS toxicity'!$L$4*'PFAS toxicity'!$H$3 -> 277221.46 | AI15: =AG15+AH15 -> 37835277 | AK15: =AC15/'PFAS toxicity'!$L$4*'PFAS toxicity'!$I$3 -> 28331954 | AL15: =AD15/'PFAS toxicity'!$L$4*'PFAS toxicity'!$I$3 -> 209122.27 | AM15: =AK15+AL15 -> 28541076 | AO15: 2028 | AP15: =1+'semicondutcor&electronic'!$A$27 -> 1.066 | AQ15: =1+'semicondutcor&electronic'!$A$29 -> 1.1195 | AT15: 2028 | AU15: =AU14*BL14 -> 44252.281 | AV15: =AV14*BM14 -> 54.874263 | AW15: =AU15+AV15 -> 44307.155 | AY15: =AU15*'semicondutcor&electronic'!$D$16*'semicondutcor&electronic'!$E$16 -> 4412.2915 | AZ15: =AV15*'semicondutcor&electronic'!$E$16 -> 26.054211 | BA15: =AY15+AZ15 -> 4438.3457 | BC15: =AY15/'PFAS toxicity'!$L$4*'PFAS toxicity'!$H$3 -> 44185947 | BD15: =AZ15/'PFAS toxicity'!$L$4*'PFAS toxicity'!$H$3 -> 260914.32 | BE15: =BC15+BD15 -> 44446862 | BG15: =AY15/'PFAS toxicity'!$L$4*'PFAS toxicity'!$I$3 -> 33331710 | BH15: =AZ15/'PFAS toxicity'!$L$4*'PFAS toxicity'!$I$3 -> 196820.96 | BI15: =BG15+BH15 -> 33528531 | BK15: 2028 | BL15: =1+'semicondutcor&electronic'!$A$27 -> 1.066 | BM15: =1+'semicondutcor&electronic'!$A$29 -> 1.1195
B16: 2029 | C16: =C15*T15 -> 47172.932 | D16: =D15*U15 -> 76.789672 | E16: =C16+D16 -> 47249.721 | G16: =C16*'semicondutcor&electronic'!$D$16*'semicondutcor&electronic'!$E$16 -> 4703.5027 | H16: =D16*'semicondutcor&electronic'!$E$16 -> 36.459612 | I16: =G16+H16 -> 4739.9623 | K16: =G16/'PFAS toxicity'!$L$4*'PFAS toxicity'!$H$3 -> 47102220 | L16: =H16/'PFAS toxicity'!$L$4*'PFAS toxicity'!$H$3 -> 365116.97 | M16: =K16+L16 -> 47467337 | O16: =G16/'PFAS toxicity'!$L$4*'PFAS toxicity'!$I$3 -> 35531603 | P16: =H16/'PFAS toxicity'!$L$4*'PFAS toxicity'!$I$3 -> 275426.33 | Q16: =O16+P16 -> 35807030 | S16: 2029 | T16: =1+'semicondutcor&electronic'!$A$27 -> 1.066 | U16: =1+'semicondutcor&electronic'!$A$29 -> 1.1195 | X16: 2029 | Y16: =Y15*AP15 -> 47172.932 | Z16: =Z15*AQ15 -> 76.789672 | AA16: =Y16+Z16 -> 47249.721 | AC16: =Y16*'semicondutcor&electronic'!$D$16*'semicondutcor&electronic'!$E$17 -> 3997.9773 | AD16: =Z16*'semicondutcor&electronic'!$E$17 -> 30.99067 | AE16: =AC16+AD16 -> 4028.968 | AG16: =AC16/'PFAS toxicity'!$L$4*'PFAS toxicity'!$H$3 -> 40036887 | AH16: =AD16/'PFAS toxicity'!$L$4*'PFAS toxicity'!$H$3 -> 310349.43 | AI16: =AG16+AH16 -> 40347236 | AK16: =AC16/'PFAS toxicity'!$L$4*'PFAS toxicity'!$I$3 -> 30201863 | AL16: =AD16/'PFAS toxicity'!$L$4*'PFAS toxicity'!$I$3 -> 234112.38 | AM16: =AK16+AL16 -> 30435975 | AO16: 2029 | AP16: =1+'semicondutcor&electronic'!$A$27 -> 1.066 | AQ16: =1+'semicondutcor&electronic'!$A$29 -> 1.1195 | AT16: 2029 | AU16: =AU15*BL15 -> 47172.932 | AV16: =AV15*BM15 -> 61.431737 | AW16: =AU16+AV16 -> 47234.363 | AY16: =AU16*'semicondutcor&electronic'!$D$16*'semicondutcor&electronic'!$E$16 -> 4703.5027 | AZ16: =AV16*'semicondutcor&electronic'!$E$16 -> 29.16769 | BA16: =AY16+AZ16 -> 4732.6704 | BC16: =AY16/'PFAS toxicity'!$L$4*'PFAS toxicity'!$H$3 -> 47102220 | BD16: =AZ16/'PFAS toxicity'!$L$4*'PFAS toxicity'!$H$3 -> 292093.58 | BE16: =BC16+BD16 -> 47394313 | BG16: =AY16/'PFAS toxicity'!$L$4*'PFAS toxicity'!$I$3 -> 35531603 | BH16: =AZ16/'PFAS toxicity'!$L$4*'PFAS toxicity'!$I$3 -> 220341.06 | BI16: =BG16+BH16 -> 35751944 | BK16: 2029 | BL16: =1+'semicondutcor&electronic'!$A$27 -> 1.066 | BM16: =1+'semicondutcor&electronic'!$A$29 -> 1.1195
B17: 2030 | C17: =C16*T16 -> 50286.345 | D17: =D16*U16 -> 85.966037 | E17: =C17+D17 -> 50372.311 | G17: =C17*'semicondutcor&electronic'!$D$16*'semicondutcor&electronic'!$E$16 -> 5013.9339 | H17: =D17*'semicondutcor&electronic'!$E$16 -> 40.816536 | I17: =G17+H17 -> 5054.7504 | K17: =G17/'PFAS toxicity'!$L$4*'PFAS toxicity'!$H$3 -> 50210966 | L17: =H17/'PFAS toxicity'!$L$4*'PFAS toxicity'!$H$3 -> 408748.45 | M17: =K17+L17 -> 50619715 | O17: =G17/'PFAS toxicity'!$L$4*'PFAS toxicity'!$I$3 -> 37876689 | P17: =H17/'PFAS toxicity'!$L$4*'PFAS toxicity'!$I$3 -> 308339.77 | Q17: =O17+P17 -> 38185029 | S17: 2030 | T17: =1+'semicondutcor&electronic'!$A$27 -> 1.066 | U17: =1+'semicondutcor&electronic'!$A$29 -> 1.1195 | X17: 2030 | Y17: =Y16*AP16 -> 50286.345 | Z17: =Z16*AQ16 -> 85.966037 | AA17: =Y17+Z17 -> 50372.311 | AC17: =Y17*'semicondutcor&electronic'!$D$16*'semicondutcor&electronic'!$E$17 -> 4261.8438 | AD17: =Z17*'semicondutcor&electronic'!$E$17 -> 34.694055 | AE17: =AC17+AD17 -> 4296.5379 | AG17: =AC17/'PFAS toxicity'!$L$4*'PFAS toxicity'!$H$3 -> 42679321 | AH17: =AD17/'PFAS toxicity'!$L$4*'PFAS toxicity'!$H$3 -> 347436.18 | AI17: =AG17+AH17 -> 43026758 | AK17: =AC17/'PFAS toxicity'!$L$4*'PFAS toxicity'!$I$3 -> 32195186 | AL17: =AD17/'PFAS toxicity'!$L$4*'PFAS toxicity'!$I$3 -> 262088.81 | AM17: =AK17+AL17 -> 32457275 | AO17: 2030 | AP17: =1+'semicondutcor&electronic'!$A$27 -> 1.066 | AQ17: =1+'semicondutcor&electronic'!$A$29 -> 1.1195 | AT17: 2030 | AU17: =AU16*BL16 -> 50286.345 | AV17: =AV16*BM16 -> 68.77283 | AW17: =AU17+AV17 -> 50355.118 | AY17: =AU17*'semicondutcor&electronic'!$D$16*'semicondutcor&electronic'!$E$16 -> 5013.9339 | AZ17: =AV17*'semicondutcor&electronic'!$E$16 -> 32.653229 | BA17: =AY17+AZ17 -> 5046.5871 | BC17: =AY17/'PFAS toxicity'!$L$4*'PFAS toxicity'!$H$3 -> 50210966 | BD17: =AZ17/'PFAS toxicity'!$L$4*'PFAS toxicity'!$H$3 -> 326998.76 | BE17: =BC17+BD17 -> 50537965 | BG17: =AY17/'PFAS toxicity'!$L$4*'PFAS toxicity'!$I$3 -> 37876689 | BH17: =AZ17/'PFAS toxicity'!$L$4*'PFAS toxicity'!$I$3 -> 246671.82 | BI17: =BG17+BH17 -> 38123361 | BK17: 2030 | BL17: =1+'semicondutcor&electronic'!$A$27 -> 1.066 | BM17: =1+'semicondutcor&electronic'!$A$29 -> 1.1195
B18: 2031 | C18: =C17*T17 -> 53605.244 | D18: =D17*U17 -> 96.238979 | E18: =C18+D18 -> 53701.483 | G18: =C18*'semicondutcor&electronic'!$D$16*'semicondutcor&electronic'!$E$16 -> 5344.8535 | H18: =D18*'semicondutcor&electronic'!$E$16 -> 45.694112 | I18: =G18+H18 -> 5390.5476 | K18: =G18/'PFAS toxicity'!$L$4*'PFAS toxicity'!$H$3 -> 53524890 | L18: =H18/'PFAS toxicity'!$L$4*'PFAS toxicity'!$H$3 -> 457593.89 | M18: =K18+L18 -> 53982484 | O18: =G18/'PFAS toxicity'!$L$4*'PFAS toxicity'!$I$3 -> 40376551 | P18: =H18/'PFAS toxicity'!$L$4*'PFAS toxicity'!$I$3 -> 345186.38 | Q18: =O18+P18 -> 40721737 | S18: 2031 | T18: =1+'semicondutcor&electronic'!$A$27 -> 1.066 | U18: =1+'semicondutcor&electronic'!$A$29 -> 1.1195 | X18: 2031 | Y18: =Y17*AP17 -> 53605.244 | Z18: =Z17*AQ17 -> 96.238979 | AA18: =Y18+Z18 -> 53701.483 | AC18: =Y18*'semicondutcor&electronic'!$D$16*'semicondutcor&electronic'!$E$17 -> 4543.1255 | AD18: =Z18*'semicondutcor&electronic'!$E$17 -> 38.839995 | AE18: =AC18+AD18 -> 4581.9655 | AG18: =AC18/'PFAS toxicity'!$L$4*'PFAS toxicity'!$H$3 -> 45496157 | AH18: =AD18/'PFAS toxicity'!$L$4*'PFAS toxicity'!$H$3 -> 388954.81 | AI18: =AG18+AH18 -> 45885111 | AK18: =AC18/'PFAS toxicity'!$L$4*'PFAS toxicity'!$I$3 -> 34320068 | AL18: =AD18/'PFAS toxicity'!$L$4*'PFAS toxicity'!$I$3 -> 293408.42 | AM18: =AK18+AL18 -> 34613476 | AO18: 2031 | AP18: =1+'semicondutcor&electronic'!$A$27 -> 1.066 | AQ18: =1+'semicondutcor&electronic'!$A$29 -> 1.1195 | AT18: 2031 | AU18: =AU17*BL17 -> 53605.244 | AV18: =AV17*BM17 -> 76.991183 | AW18: =AU18+AV18 -> 53682.235 | AY18: =AU18*'semicondutcor&electronic'!$D$16*'semicondutcor&electronic'!$E$16 -> 5344.8535 | AZ18: =AV18*'semicondutcor&electronic'!$E$16 -> 36.555289 | BA18: =AY18+AZ18 -> 5381.4088 | BC18: =AY18/'PFAS toxicity'!$L$4*'PFAS toxicity'!$H$3 -> 53524890 | BD18: =AZ18/'PFAS toxicity'!$L$4*'PFAS toxicity'!$H$3 -> 366075.11 | BE18: =BC18+BD18 -> 53890965 | BG18: =AY18/'PFAS toxicity'!$L$4*'PFAS toxicity'!$I$3 -> 40376551 | BH18: =AZ18/'PFAS toxicity'!$L$4*'PFAS toxicity'!$I$3 -> 276149.1 | BI18: =BG18+BH18 -> 40652700 | BK18: 2031 | BL18: =1+'semicondutcor&electronic'!$A$27 -> 1.066 | BM18: =1+'semicondutcor&electronic'!$A$29 -> 1.1195
B19: 2032 | C19: =C18*T18 -> 57143.19 | D19: =D18*U18 -> 107.73954 | E19: =C19+D19 -> 57250.93 | G19: =C19*'semicondutcor&electronic'!$D$16*'semicondutcor&electronic'!$E$16 -> 5697.6138 | H19: =D19*'semicondutcor&electronic'!$E$16 -> 51.154558 | I19: =G19+H19 -> 5748.7684 | K19: =G19/'PFAS toxicity'!$L$4*'PFAS toxicity'!$H$3 -> 57057533 | L19: =H19/'PFAS toxicity'!$L$4*'PFAS toxicity'!$H$3 -> 512276.36 | M19: =K19+L19 -> 57569809 | O19: =G19/'PFAS toxicity'!$L$4*'PFAS toxicity'!$I$3 -> 43041403 | P19: =H19/'PFAS toxicity'!$L$4*'PFAS toxicity'!$I$3 -> 386436.15 | Q19: =O19+P19 -> 43427839 | S19: 2032 | T19: =1+'semicondutcor&electronic'!$A$27 -> 1.066 | U19: =1+'semicondutcor&electronic'!$A$29 -> 1.1195 | X19: 2032 | Y19: =Y18*AP18 -> 57143.19 | Z19: =Z18*AQ18 -> 107.73954 | AA19: =Y19+Z19 -> 57250.93 | AC19: =Y19*'semicondutcor&electronic'!$D$16*'semicondutcor&electronic'!$E$17 -> 4842.9718 | AD19: =Z19*'semicondutcor&electronic'!$E$17 -> 43.481374 | AE19: =AC19+AD19 -> 4886.4531 | AG19: =AC19/'PFAS toxicity'!$L$4*'PFAS toxicity'!$H$3 -> 48498903 | AH19: =AD19/'PFAS toxicity'!$L$4*'PFAS toxicity'!$H$3 -> 435434.91 | AI19: =AG19+AH19 -> 48934338 | AK19: =AC19/'PFAS toxicity'!$L$4*'PFAS toxicity'!$I$3 -> 36585192 | AL19: =AD19/'PFAS toxicity'!$L$4*'PFAS toxicity'!$I$3 -> 328470.73 | AM19: =AK19+AL19 -> 36913663 | AO19: 2032 | AP19: =1+'semicondutcor&electronic'!$A$27 -> 1.066 | AQ19: =1+'semicondutcor&electronic'!$A$29 -> 1.1195 | AT19: 2032 | AU19: =AU18*BL18 -> 57143.19 | AV19: =AV18*BM18 -> 86.191629 | AW19: =AU19+AV19 -> 57229.382 | AY19: =AU19*'semicondutcor&electronic'!$D$16*'semicondutcor&electronic'!$E$16 -> 5697.6138 | AZ19: =AV19*'semicondutcor&electronic'!$E$16 -> 40.923647 | BA19: =AY19+AZ19 -> 5738.5375 | BC19: =AY19/'PFAS toxicity'!$L$4*'PFAS toxicity'!$H$3 -> 57057533 | BD19: =AZ19/'PFAS toxicity'!$L$4*'PFAS toxicity'!$H$3 -> 409821.09 | BE19: =BC19+BD19 -> 57467354 | BG19: =AY19/'PFAS toxicity'!$L$4*'PFAS toxicity'!$I$3 -> 43041403 | BH19: =AZ19/'PFAS toxicity'!$L$4*'PFAS toxicity'!$I$3 -> 309148.92 | BI19: =BG19+BH19 -> 43350552 | BK19: 2032 | BL19: =1+'semicondutcor&electronic'!$A$27 -> 1.066 | BM19: =1+'semicondutcor&electronic'!$A$29 -> 1.1195
B20: 2033 | C20: =C19*T19 -> 60914.641 | D20: =D19*U19 -> 120.61441 | E20: =C20+D20 -> 61035.255 | G20: =C20*'semicondutcor&electronic'!$D$16*'semicondutcor&electronic'!$E$16 -> 6073.6564 | H20: =D20*'semicondutcor&electronic'!$E$16 -> 57.267528 | I20: =G20+H20 -> 6130.9239 | K20: =G20/'PFAS toxicity'!$L$4*'PFAS toxicity'!$H$3 -> 60823330 | L20: =H20/'PFAS toxicity'!$L$4*'PFAS toxicity'!$H$3 -> 573493.39 | M20: =K20+L20 -> 61396824 | O20: =G20/'PFAS toxicity'!$L$4*'PFAS toxicity'!$I$3 -> 45882135 | P20: =H20/'PFAS toxicity'!$L$4*'PFAS toxicity'!$I$3 -> 432615.27 | Q20: =O20+P20 -> 46314751 | S20: 2033 | T20: =1+'semicondutcor&electronic'!$A$27 -> 1.066 | U20: =1+'semicondutcor&electronic'!$A$29 -> 1.1195 | X20: 2033 | Y20: =Y19*AP19 -> 60914.641 | Z20: =Z19*AQ19 -> 120.61441 | AA20: =Y20+Z20 -> 61035.255 | AC20: =Y20*'semicondutcor&electronic'!$D$16*'semicondutcor&electronic'!$E$17 -> 5162.6079 | AD20: =Z20*'semicondutcor&electronic'!$E$17 -> 48.677399 | AE20: =AC20+AD20 -> 5211.2853 | AG20: =AC20/'PFAS toxicity'!$L$4*'PFAS toxicity'!$H$3 -> 51699831 | AH20: =AD20/'PFAS toxicity'!$L$4*'PFAS toxicity'!$H$3 -> 487469.38 | AI20: =AG20+AH20 -> 52187300 | AK20: =AC20/'PFAS toxicity'!$L$4*'PFAS toxicity'!$I$3 -> 38999815 | AL20: =AD20/'PFAS toxicity'!$L$4*'PFAS toxicity'!$I$3 -> 367722.98 | AM20: =AK20+AL20 -> 39367538 | AO20: 2033 | AP20: =1+'semicondutcor&electronic'!$A$27 -> 1.066 | AQ20: =1+'semicondutcor&electronic'!$A$29 -> 1.1195 | AT20: 2033 | AU20: =AU19*BL19 -> 60914.641 | AV20: =AV19*BM19 -> 96.491529 | AW20: =AU20+AV20 -> 61011.132 | AY20: =AU20*'semicondutcor&electronic'!$D$16*'semicondutcor&electronic'!$E$16 -> 6073.6564 | AZ20: =AV20*'semicondutcor&electronic'!$E$16 -> 45.814022 | BA20: =AY20+AZ20 -> 6119.4704 | BC20: =AY20/'PFAS toxicity'!$L$4*'PFAS toxicity'!$H$3 -> 60823330 | BD20: =AZ20/'PFAS toxicity'!$L$4*'PFAS toxicity'!$H$3 -> 458794.71 | BE20: =BC20+BD20 -> 61282125 | BG20: =AY20/'PFAS toxicity'!$L$4*'PFAS toxicity'!$I$3 -> 45882135 | BH20: =AZ20/'PFAS toxicity'!$L$4*'PFAS toxicity'!$I$3 -> 346092.21 | BI20: =BG20+BH20 -> 46228228 | BK20: 2033 | BL20: =1+'semicondutcor&electronic'!$A$27 -> 1.066 | BM20: =1+'semicondutcor&electronic'!$A$29 -> 1.1195
B21: 2034 | C21: =C20*T20 -> 64935.007 | D21: =D20*U20 -> 135.02783 | E21: =C21+D21 -> 65070.035 | G21: =C21*'semicondutcor&electronic'!$D$16*'semicondutcor&electronic'!$E$16 -> 6474.5177 | H21: =D21*'semicondutcor&electronic'!$E$16 -> 64.110998 | I21: =G21+H21 -> 6538.6287 | K21: =G21/'PFAS toxicity'!$L$4*'PFAS toxicity'!$H$3 -> 64837670 | L21: =H21/'PFAS toxicity'!$L$4*'PFAS toxicity'!$H$3 -> 642025.85 | M21: =K21+L21 -> 65479696 | O21: =G21/'PFAS toxicity'!$L$4*'PFAS toxicity'!$I$3 -> 48910356 | P21: =H21/'PFAS toxicity'!$L$4*'PFAS toxicity'!$I$3 -> 484312.79 | Q21: =O21+P21 -> 49394669 | S21: 2034 | T21: =1+'semicondutcor&electronic'!$A$27 -> 1.066 | U21: =1+'semicondutcor&electronic'!$A$29 -> 1.1195 | X21: 2034 | Y21: =Y20*AP20 -> 64935.007 | Z21: =Z20*AQ20 -> 135.02783 | AA21: =Y21+Z21 -> 65070.035 | AC21: =Y21*'semicondutcor&electronic'!$D$16*'semicondutcor&electronic'!$E$17 -> 5503.34 | AD21: =Z21*'semicondutcor&electronic'!$E$17 -> 54.494348 | AE21: =AC21+AD21 -> 5557.8344 | AG21: =AC21/'PFAS toxicity'!$L$4*'PFAS toxicity'!$H$3 -> 55112019 | AH21: =AD21/'PFAS toxicity'!$L$4*'PFAS toxicity'!$H$3 -> 545721.97 | AI21: =AG21+AH21 -> 55657741 | AK21: =AC21/'PFAS toxicity'!$L$4*'PFAS toxicity'!$I$3 -> 41573803 | AL21: =AD21/'PFAS toxicity'!$L$4*'PFAS toxicity'!$I$3 -> 411665.87 | AM21: =AK21+AL21 -> 41985469 | AO21: 2034 | AP21: =1+'semicondutcor&electronic'!$A$27 -> 1.066 | AQ21: =1+'semicondutcor&electronic'!$A$29 -> 1.1195 | AT21: 2034 | AU21: =AU20*BL20 -> 64935.007 | AV21: =AV20*BM20 -> 108.02227 | AW21: =AU21+AV21 -> 65043.029 | AY21: =AU21*'semicondutcor&electronic'!$D$16*'semicondutcor&electronic'!$E$16 -> 6474.5177 | AZ21: =AV21*'semicondutcor&electronic'!$E$16 -> 51.288798 | BA21: =AY21+AZ21 -> 6525.8065 | BC21: =AY21/'PFAS toxicity'!$L$4*'PFAS toxicity'!$H$3 -> 64837670 | BD21: =AZ21/'PFAS toxicity'!$L$4*'PFAS toxicity'!$H$3 -> 513620.68 | BE21: =BC21+BD21 -> 65351291 | BG21: =AY21/'PFAS toxicity'!$L$4*'PFAS toxicity'!$I$3 -> 48910356 | BH21: =AZ21/'PFAS toxicity'!$L$4*'PFAS toxicity'!$I$3 -> 387450.23 | BI21: =BG21+BH21 -> 49297807 | BK21: 2034 | BL21: =1+'semicondutcor&electronic'!$A$27 -> 1.066 | BM21: =1+'semicondutcor&electronic'!$A$29 -> 1.1195
B22: 2035 | C22: =C21*T21 -> 69220.717 | D22: =D21*U21 -> 151.16366 | E22: =C22+D22 -> 69371.881 | G22: =C22*'semicondutcor&electronic'!$D$16*'semicondutcor&electronic'!$E$16 -> 6901.8358 | H22: =D22*'semicondutcor&electronic'!$E$16 -> 71.772262 | I22: =G22+H22 -> 6973.6081 | K22: =G22/'PFAS toxicity'!$L$4*'PFAS toxicity'!$H$3 -> 69116956 | L22: =H22/'PFAS toxicity'!$L$4*'PFAS toxicity'!$H$3 -> 718747.94 | M22: =K22+L22 -> 69835704 | O22: =G22/'PFAS toxicity'!$L$4*'PFAS toxicity'!$I$3 -> 52138440 | P22: =H22/'PFAS toxicity'!$L$4*'PFAS toxicity'!$I$3 -> 542188.17 | Q22: =O22+P22 -> 52680628 | S22: 2035 | T22: =1+'semicondutcor&electronic'!$A$27 -> 1.066 | U22: =1+'semicondutcor&electronic'!$A$29 -> 1.1195 | X22: 2035 | Y22: =Y21*AP21 -> 69220.717 | Z22: =Z21*AQ21 -> 151.16366 | AA22: =Y22+Z22 -> 69371.881 | AC22: =Y22*'semicondutcor&electronic'!$D$16*'semicondutcor&electronic'!$E$17 -> 5866.5605 | AD22: =Z22*'semicondutcor&electronic'!$E$17 -> 61.006422 | AE22: =AC22+AD22 -> 5927.5669 | AG22: =AC22/'PFAS toxicity'!$L$4*'PFAS toxicity'!$H$3 -> 58749413 | AH22: =AD22/'PFAS toxicity'!$L$4*'PFAS toxicity'!$H$3 -> 610935.75 | AI22: =AG22+AH22 -> 59360348 | AK22: =AC22/'PFAS toxicity'!$L$4*'PFAS toxicity'!$I$3 -> 44317674 | AL22: =AD22/'PFAS toxicity'!$L$4*'PFAS toxicity'!$I$3 -> 460859.95 | AM22: =AK22+AL22 -> 44778534 | AO22: 2035 | AP22: =1+'semicondutcor&electronic'!$A$27 -> 1.066 | AQ22: =1+'semicondutcor&electronic'!$A$29 -> 1.1195 | AT22: 2035 | AU22: =AU21*BL21 -> 69220.717 | AV22: =AV21*BM21 -> 120.93093 | AW22: =AU22+AV22 -> 69341.648 | AY22: =AU22*'semicondutcor&electronic'!$D$16*'semicondutcor&electronic'!$E$16 -> 6901.8358 | AZ22: =AV22*'semicondutcor&electronic'!$E$16 -> 57.417809 | BA22: =AY22+AZ22 -> 6959.2537 | BC22: =AY22/'PFAS toxicity'!$L$4*'PFAS toxicity'!$H$3 -> 69116956 | BD22: =AZ22/'PFAS toxicity'!$L$4*'PFAS toxicity'!$H$3 -> 574998.35 | BE22: =BC22+BD22 -> 69691954 | BG22: =AY22/'PFAS toxicity'!$L$4*'PFAS toxicity'!$I$3 -> 52138440 | BH22: =AZ22/'PFAS toxicity'!$L$4*'PFAS toxicity'!$I$3 -> 433750.54 | BI22: =BG22+BH22 -> 52572190 | BK22: 2035 | BL22: =1+'semicondutcor&electronic'!$A$27 -> 1.066 | BM22: =1+'semicondutcor&electronic'!$A$29 -> 1.1195
B26: 5.68%+14.9% | X26: 0.15 | AT26: 60
B27: Results | K27: PFOS as basic | O27: PFOA Basic | S27: CAGR | X27: Results | AG27: PFOS as basic | AK27: PFOA Basic | AO27: CAGR | AT27: Results | BC27: PFOS as basic | BG27: PFOA Basic | BK27: CAGR
C28: Use amount | G28: Emission to wastewater | K28: toxicity influence | O28: toxicity influence | T28: Use amount | Y28: Use amount | AC28: Emission to wastewater | AG28: toxicity influence | AK28: toxicity influence | AP28: Use amount | AU28: Use amount | AY28: Emission to wastewater | BC28: toxicity influence | BG28: toxicity influence | BL28: Use amount
C29: Electronic | D29: Semiconductor | E29: Total | G29: Electronic | H29: Semiconductor | I29: Total | K29: Electronic | L29: Semiconductor | M29: Total | O29: Electronic | P29: Semiconductor | Q29: Total | T29: Electronic | U29: Semiconductor | Y29: Electronic | Z29: Semiconductor | AA29: Total | AC29: Electronic | AD29: Semiconductor | AE29: Total | AG29: Electronic | AH29: Semiconductor | AI29: Total | AK29: Electronic | AL29: Semiconductor | AM29: Total | AP29: Electronic | AQ29: Semiconductor | AU29: Electronic | AV29: Semiconductor | AW29: Total | AY29: Electronic | AZ29: Semiconductor | BA29: Total | BC29: Electronic | BD29: Semiconductor | BE29: Total | BG29: Electronic | BH29: Semiconductor | BI29: Total | BL29: Electronic | BM29: Semiconductor
B30: 2020 | C30: ='semicondutcor&electronic'!$B$17 -> 28051.177 | D30: ='semicondutcor&electronic'!$B$11 -> 31.363072 | E30: =C30+D30 -> 28082.54 | G30: =C30*'semicondutcor&electronic'!$D$16*'semicondutcor&electronic'!$E$16 -> 2796.9172 | H30: =D30*'semicondutcor&electronic'!$E$16 -> 14.891136 | I30: =G30+H30 -> 2811.8084 | K30: =G30/'PFAS toxicity'!$L$4*'PFAS toxicity'!$H$3 -> 28009128 | L30: =H30/'PFAS toxicity'!$L$4*'PFAS toxicity'!$H$3 -> 149124.09 | M30: =K30+L30 -> 28158252 | O30: =G30/'PFAS toxicity'!$L$4*'PFAS toxicity'!$I$3 -> 21128712 | P30: =H30/'PFAS toxicity'!$L$4*'PFAS toxicity'!$I$3 -> 112491.9 | Q30: =O30+P30 -> 21241204 | S30: 2020 | T30: ='semicondutcor&electronic'!$A$36^(1/4) -> 1.0542475 | U30: ='semicondutcor&electronic'!$A$35^(1/4) -> 1.0928425 | X30: 2020 | Y30: ='semicondutcor&electronic'!$B$17 -> 28051.177 | Z30: ='semicondutcor&electronic'!$B$11 -> 31.363072 | AA30: =Y30+Z30 -> 28082.54 | AC30: =Y30*'semicondutcor&electronic'!$D$16*'semicondutcor&electronic'!$E$18 -> 3216.4548 | AD30: =Z30*'semicondutcor&electronic'!$E$18 -> 17.124806 | AE30: =AC30+AD30 -> 3233.5796 | AG30: =AC30/'PFAS toxicity'!$L$4*'PFAS toxicity'!$H$3 -> 32210497 | AH30: =AD30/'PFAS toxicity'!$L$4*'PFAS toxicity'!$H$3 -> 171492.7 | AI30: =AG30+AH30 -> 32381990 | AK30: =AC30/'PFAS toxicity'!$L$4*'PFAS toxicity'!$I$3 -> 24298019 | AL30: =AD30/'PFAS toxicity'!$L$4*'PFAS toxicity'!$I$3 -> 129365.68 | AM30: =AK30+AL30 -> 24427384 | AO30: 2020 | AP30: ='semicondutcor&electronic'!$A$36^(1/4) -> 1.0542475 | AQ30: ='semicondutcor&electronic'!$A$35^(1/4) -> 1.0928425 | AT30: 2020 | AU30: ='semicondutcor&electronic'!$B$17 -> 28051.177 | AV30: ='semicondutcor&electronic'!$B$13 -> 37.635686 | AW30: =AU30+AV30 -> 28088.812 | AY30: =AU30*'semicondutcor&electronic'!$D$16*'semicondutcor&electronic'!$E$16 -> 2796.9172 | AZ30: =AV30*'semicondutcor&electronic'!$E$16 -> 17.869363 | BA30: =AY30+AZ30 -> 2814.7866 | BC30: =AY30/'PFAS toxicity'!$L$4*'PFAS toxicity'!$H$3 -> 28009128 | BD30: =AZ30/'PFAS toxicity'!$L$4*'PFAS toxicity'!$H$3 -> 178948.91 | BE30: =BC30+BD30 -> 28188077 | BG30: =AY30/'PFAS toxicity'!$L$4*'PFAS toxicity'!$I$3 -> 21128712 | BH30: =AZ30/'PFAS toxicity'!$L$4*'PFAS toxicity'!$I$3 -> 134990.28 | BI30: =BG30+BH30 -> 21263702 | BK30: 2020 | BL30: ='semicondutcor&electronic'!$A$36^(1/4) -> 1.0542475 | BM30: ='semicondutcor&electronic'!$A$35^(1/4) -> 1.0928425
B31: 2021 | C31: =C30*T30 -> 29572.884 | D31: =D30*U30 -> 34.274897 | E31: =C31+D31 -> 29607.159 | G31: =C31*'semicondutcor&electronic'!$D$16*'semicondutcor&electronic'!$E$16 -> 2948.6431 | H31: =D31*'semicondutcor&electronic'!$E$16 -> 16.273666 | I31: =G31+H31 -> 2964.9167 | K31: =G31/'PFAS toxicity'!$L$4*'PFAS toxicity'!$H$3 -> 29528554 | L31: =H31/'PFAS toxicity'!$L$4*'PFAS toxicity'!$H$3 -> 162969.14 | M31: =K31+L31 -> 29691523 | O31: =G31/'PFAS toxicity'!$L$4*'PFAS toxicity'!$I$3 -> 22274892 | P31: =H31/'PFAS toxicity'!$L$4*'PFAS toxicity'!$I$3 -> 122935.92 | Q31: =O31+P31 -> 22397828 | S31: 2021 | T31: ='semicondutcor&electronic'!$A$36^(1/4) -> 1.0542475 | U31: ='semicondutcor&electronic'!$A$35^(1/4) -> 1.0928425 | X31: 2021 | Y31: =Y30*AP30 -> 29572.884 | Z31: =Z30*AQ30 -> 34.274897 | AA31: =Y31+Z31 -> 29607.159 | AC31: =Y31*'semicondutcor&electronic'!$D$16*'semicondutcor&electronic'!$E$18 -> 3390.9395 | AD31: =Z31*'semicondutcor&electronic'!$E$18 -> 18.714716 | AE31: =AC31+AD31 -> 3409.6543 | AG31: =AC31/'PFAS toxicity'!$L$4*'PFAS toxicity'!$H$3 -> 33957837 | AH31: =AD31/'PFAS toxicity'!$L$4*'PFAS toxicity'!$H$3 -> 187414.51 | AI31: =AG31+AH31 -> 34145252 | AK31: =AC31/'PFAS toxicity'!$L$4*'PFAS toxicity'!$I$3 -> 25616126 | AL31: =AD31/'PFAS toxicity'!$L$4*'PFAS toxicity'!$I$3 -> 141376.31 | AM31: =AK31+AL31 -> 25757502 | AO31: 2021 | AP31: ='semicondutcor&electronic'!$A$36^(1/4) -> 1.0542475 | AQ31: ='semicondutcor&electronic'!$A$35^(1/4) -> 1.0928425 | AT31: 2021 | AU31: =AU30*BL30 -> 29572.884 | AV31: =AV30*BM30 -> 41.129877 | AW31: =AU31+AV31 -> 29614.014 | AY31: =AU31*'semicondutcor&electronic'!$D$16*'semicondutcor&electronic'!$E$16 -> 2948.6431 | AZ31: =AV31*'semicondutcor&electronic'!$E$16 -> 19.528399 | BA31: =AY31+AZ31 -> 2968.1715 | BC31: =AY31/'PFAS toxicity'!$L$4*'PFAS toxicity'!$H$3 -> 29528554 | BD31: =AZ31/'PFAS toxicity'!$L$4*'PFAS toxicity'!$H$3 -> 195562.97 | BE31: =BC31+BD31 -> 29724117 | BG31: =AY31/'PFAS toxicity'!$L$4*'PFAS toxicity'!$I$3 -> 22274892 | BH31: =AZ31/'PFAS toxicity'!$L$4*'PFAS toxicity'!$I$3 -> 147523.11 | BI31: =BG31+BH31 -> 22422415 | BK31: 2021 | BL31: ='semicondutcor&electronic'!$A$36^(1/4) -> 1.0542475 | BM31: ='semicondutcor&electronic'!$A$35^(1/4) -> 1.0928425
B32: 2022 | C32: =C31*T31 -> 31177.14 | D32: =D31*U31 -> 37.457063 | E32: =C32+D32 -> 31214.597 | G32: =C32*'semicondutcor&electronic'!$D$16*'semicondutcor&electronic'!$E$16 -> 3108.5997 | H32: =D32*'semicondutcor&electronic'!$E$16 -> 17.784553 | I32: =G32+H32 -> 3126.3842 | K32: =G32/'PFAS toxicity'!$L$4*'PFAS toxicity'!$H$3 -> 31130405 | L32: =H32/'PFAS toxicity'!$L$4*'PFAS toxicity'!$H$3 -> 178099.6 | M32: =K32+L32 -> 31308505 | O32: =G32/'PFAS toxicity'!$L$4*'PFAS toxicity'!$I$3 -> 23483250 | P32: =H32/'PFAS toxicity'!$L$4*'PFAS toxicity'!$I$3 -> 134349.6 | Q32: =O32+P32 -> 23617600 | S32: 2022 | T32: ='semicondutcor&electronic'!$A$36^(1/4) -> 1.0542475 | U32: ='semicondutcor&electronic'!$A$35^(1/4) -> 1.0928425 | X32: 2022 | Y32: =Y31*AP31 -> 31177.14 | Z32: =Z31*AQ31 -> 37.457063 | AA32: =Y32+Z32 -> 31214.597 | AC32: =Y32*'semicondutcor&electronic'!$D$16*'semicondutcor&electronic'!$E$18 -> 3574.8896 | AD32: =Z32*'semicondutcor&electronic'!$E$18 -> 20.452236 | AE32: =AC32+AD32 -> 3595.3419 | AG32: =AC32/'PFAS toxicity'!$L$4*'PFAS toxicity'!$H$3 -> 35799966 | AH32: =AD32/'PFAS toxicity'!$L$4*'PFAS toxicity'!$H$3 -> 204814.54 | AI32: =AG32+AH32 -> 36004781 | AK32: =AC32/'PFAS toxicity'!$L$4*'PFAS toxicity'!$I$3 -> 27005738 | AL32: =AD32/'PFAS toxicity'!$L$4*'PFAS toxicity'!$I$3 -> 154502.04 | AM32: =AK32+AL32 -> 27160240 | AO32: 2022 | AP32: ='semicondutcor&electronic'!$A$36^(1/4) -> 1.0542475 | AQ32: ='semicondutcor&electronic'!$A$35^(1/4) -> 1.0928425 | AT32: 2022 | AU32: =AU31*BL31 -> 31177.14 | AV32: =AV31*BM31 -> 44.948476 | AW32: =AU32+AV32 -> 31222.088 | AY32: =AU32*'semicondutcor&electronic'!$D$16*'semicondutcor&electronic'!$E$16 -> 3108.5997 | AZ32: =AV32*'semicondutcor&electronic'!$E$16 -> 21.341464 | BA32: =AY32+AZ32 -> 3129.9412 | BC32: =AY32/'PFAS toxicity'!$L$4*'PFAS toxicity'!$H$3 -> 31130405 | BD32: =AZ32/'PFAS toxicity'!$L$4*'PFAS toxicity'!$H$3 -> 213719.52 | BE32: =BC32+BD32 -> 31344125 | BG32: =AY32/'PFAS toxicity'!$L$4*'PFAS toxicity'!$I$3 -> 23483250 | BH32: =AZ32/'PFAS toxicity'!$L$4*'PFAS toxicity'!$I$3 -> 161219.52 | BI32: =BG32+BH32 -> 23644470 | BK32: 2022 | BL32: ='semicondutcor&electronic'!$A$36^(1/4) -> 1.0542475 | BM32: ='semicondutcor&electronic'!$A$35^(1/4) -> 1.0928425
B33: 2023 | C33: =C32*T32 -> 32868.423 | D33: =D32*U32 -> 40.93467 | E33: =C33+D33 -> 32909.357 | G33: =C33*'semicondutcor&electronic'!$D$16*'semicondutcor&electronic'!$E$16 -> 3277.2336 | H33: =D33*'semicondutcor&electronic'!$E$16 -> 19.435715 | I33: =G33+H33 -> 3296.6693 | K33: =G33/'PFAS toxicity'!$L$4*'PFAS toxicity'!$H$3 -> 32819153 | L33: =H33/'PFAS toxicity'!$L$4*'PFAS toxicity'!$H$3 -> 194634.8 | M33: =K33+L33 -> 33013788 | O33: =G33/'PFAS toxicity'!$L$4*'PFAS toxicity'!$I$3 -> 24757159 | P33: =H33/'PFAS toxicity'!$L$4*'PFAS toxicity'!$I$3 -> 146822.94 | Q33: =O33+P33 -> 24903982 | S33: 2023 | T33: ='semicondutcor&electronic'!$A$36^(1/4) -> 1.0542475 | U33: ='semicondutcor&electronic'!$A$35^(1/4) -> 1.0928425 | X33: 2023 | Y33: =Y32*AP32 -> 32868.423 | Z33: =Z32*AQ32 -> 40.93467 | AA33: =Y33+Z33 -> 32909.357 | AC33: =Y33*'semicondutcor&electronic'!$D$16*'semicondutcor&electronic'!$E$18 -> 3768.8186 | AD33: =Z33*'semicondutcor&electronic'!$E$18 -> 22.351072 | AE33: =AC33+AD33 -> 3791.1697 | AG33: =AC33/'PFAS toxicity'!$L$4*'PFAS toxicity'!$H$3 -> 37742026 | AH33: =AD33/'PFAS toxicity'!$L$4*'PFAS toxicity'!$H$3 -> 223830.02 | AI33: =AG33+AH33 -> 37965856 | AK33: =AC33/'PFAS toxicity'!$L$4*'PFAS toxicity'!$I$3 -> 28470732 | AL33: =AD33/'PFAS toxicity'!$L$4*'PFAS toxicity'!$I$3 -> 168846.39 | AM33: =AK33+AL33 -> 28639579 | AO33: 2023 | AP33: ='semicondutcor&electronic'!$A$36^(1/4) -> 1.0542475 | AQ33: ='semicondutcor&electronic'!$A$35^(1/4) -> 1.0928425 | AT33: 2023 | AU33: =AU32*BL32 -> 32868.423 | AV33: =AV32*BM32 -> 49.121603 | AW33: =AU33+AV33 -> 32917.544 | AY33: =AU33*'semicondutcor&electronic'!$D$16*'semicondutcor&electronic'!$E$16 -> 3277.2336 | AZ33: =AV33*'semicondutcor&electronic'!$E$16 -> 23.322858 | BA33: =AY33+AZ33 -> 3300.5564 | BC33: =AY33/'PFAS toxicity'!$L$4*'PFAS toxicity'!$H$3 -> 32819153 | BD33: =AZ33/'PFAS toxicity'!$L$4*'PFAS toxicity'!$H$3 -> 233561.76 | BE33: =BC33+BD33 -> 33052715 | BG33: =AY33/'PFAS toxicity'!$L$4*'PFAS toxicity'!$I$3 -> 24757159 | BH33: =AZ33/'PFAS toxicity'!$L$4*'PFAS toxicity'!$I$3 -> 176187.53 | BI33: =BG33+BH33 -> 24933346 | BK33: 2023 | BL33: ='semicondutcor&electronic'!$A$36^(1/4) -> 1.0542475 | BM33: ='semicondutcor&electronic'!$A$35^(1/4) -> 1.0928425
B34: 2024 | C34: =C33*T33 -> 34651.453 | D34: =D33*U33 -> 44.735145 | E34: =C34+D34 -> 34696.189 | G34: =C34*'semicondutcor&electronic'!$D$16*'semicondutcor&electronic'!$E$16 -> 3455.0154 | H34: =D34*'semicondutcor&electronic'!$E$16 -> 21.240175 | I34: =G34+H34 -> 3476.2556 | K34: =G34/'PFAS toxicity'!$L$4*'PFAS toxicity'!$H$3 -> 34599511 | L34: =H34/'PFAS toxicity'!$L$4*'PFAS toxicity'!$H$3 -> 212705.18 | M34: =K34+L34 -> 34812216 | O34: =G34/'PFAS toxicity'!$L$4*'PFAS toxicity'!$I$3 -> 26100173 | P34: =H34/'PFAS toxicity'!$L$4*'PFAS toxicity'!$I$3 -> 160454.35 | Q34: =O34+P34 -> 26260628 | S34: 2024 | T34: ='semicondutcor&electronic'!$A$36^(1/4) -> 1.0542475 | U34: ='semicondutcor&electronic'!$A$35^(1/4) -> 1.0928425 | X34: 2024 | Y34: =Y33*AP33 -> 34651.453 | Z34: =Z33*AQ33 -> 44.735145 | AA34: =Y34+Z34 -> 34696.189 | AC34: =Y34*'semicondutcor&electronic'!$D$16*'semicondutcor&electronic'!$E$18 -> 3973.2677 | AD34: =Z34*'semicondutcor&electronic'!$E$18 -> 24.426201 | AE34: =AC34+AD34 -> 3997.6939 | AG34: =AC34/'PFAS toxicity'!$L$4*'PFAS toxicity'!$H$3 -> 39789438 | AH34: =AD34/'PFAS toxicity'!$L$4*'PFAS toxicity'!$H$3 -> 244610.96 | AI34: =AG34+AH34 -> 40034049 | AK34: =AC34/'PFAS toxicity'!$L$4*'PFAS toxicity'!$I$3 -> 30015199 | AL34: =AD34/'PFAS toxicity'!$L$4*'PFAS toxicity'!$I$3 -> 184522.5 | AM34: =AK34+AL34 -> 30199722 | AO34: 2024 | AP34: ='semicondutcor&electronic'!$A$36^(1/4) -> 1.0542475 | AQ34: ='semicondutcor&electronic'!$A$35^(1/4) -> 1.0928425 | AT34: 2024 | AU34: =AU33*BL33 -> 34651.453 | AV34: =AV33*BM33 -> 53.682175 | AW34: =AU34+AV34 -> 34705.136 | AY34: =AU34*'semicondutcor&electronic'!$D$16*'semicondutcor&electronic'!$E$16 -> 3455.0154 | AZ34: =AV34*'semicondutcor&electronic'!$E$16 -> 25.48821 | BA34: =AY34+AZ34 -> 3480.5036 | BC34: =AY34/'PFAS toxicity'!$L$4*'PFAS toxicity'!$H$3 -> 34599511 | BD34: =AZ34/'PFAS toxicity'!$L$4*'PFAS toxicity'!$H$3 -> 255246.22 | BE34: =BC34+BD34 -> 34854757 | BG34: =AY34/'PFAS toxicity'!$L$4*'PFAS toxicity'!$I$3 -> 26100173 | BH34: =AZ34/'PFAS toxicity'!$L$4*'PFAS toxicity'!$I$3 -> 192545.22 | BI34: =BG34+BH34 -> 26292719 | BK34: 2024 | BL34: ='semicondutcor&electronic'!$A$36^(1/4) -> 1.0542475 | BM34: ='semicondutcor&electronic'!$A$35^(1/4) -> 1.0928425
B35: 2025 | C35: =C34*T34 -> 36531.209 | D35: =D34*U34 -> 48.888467 | E35: =C35+D35 -> 36580.098 | G35: =C35*'semicondutcor&electronic'!$D$16*'semicondutcor&electronic'!$E$16 -> 3642.4414 | H35: =D35*'semicondutcor&electronic'!$E$16 -> 23.212165 | I35: =G35+H35 -> 3665.6536 | K35: =G35/'PFAS toxicity'!$L$4*'PFAS toxicity'!$H$3 -> 36476449 | L35: =H35/'PFAS toxicity'!$L$4*'PFAS toxicity'!$H$3 -> 232453.25 | M35: =K35+L35 -> 36708903 | O35: =G35/'PFAS toxicity'!$L$4*'PFAS toxicity'!$I$3 -> 27516043 | P35: =H35/'PFAS toxicity'!$L$4*'PFAS toxicity'!$I$3 -> 175351.33 | Q35: =O35+P35 -> 27691395 | S35: 2025 | T35: =1+'semicondutcor&electronic'!$A$26 -> 1.0568 | U35: =1+'semicondutcor&electronic'!$A$29 -> 1.1195 | X35: 2025 | Y35: =Y34*AP34 -> 36531.209 | Z35: =Z34*AQ34 -> 48.888467 | AA35: =Y35+Z35 -> 36580.098 | AC35: =Y35*'semicondutcor&electronic'!$D$16*'semicondutcor&electronic'!$E$18 -> 4188.8077 | AD35: =Z35*'semicondutcor&electronic'!$E$18 -> 26.69399 | AE35: =AC35+AD35 -> 4215.5017 | AG35: =AC35/'PFAS toxicity'!$L$4*'PFAS toxicity'!$H$3 -> 41947917 | AH35: =AD35/'PFAS toxicity'!$L$4*'PFAS toxicity'!$H$3 -> 267321.24 | AI35: =AG35+AH35 -> 42215238 | AK35: =AC35/'PFAS toxicity'!$L$4*'PFAS toxicity'!$I$3 -> 31643450 | AL35: =AD35/'PFAS toxicity'!$L$4*'PFAS toxicity'!$I$3 -> 201654.03 | AM35: =AK35+AL35 -> 31845104 | AO35: 2025 | AP35: =1+'semicondutcor&electronic'!$A$27 -> 1.066 | AQ35: =1+'semicondutcor&electronic'!$A$29 -> 1.1195 | AT35: 2025 | AU35: =AU34*BL34 -> 36531.209 | AV35: =AV34*BM34 -> 58.66616 | AW35: =AU35+AV35 -> 36589.875 | AY35: =AU35*'semicondutcor&electronic'!$D$16*'semicondutcor&electronic'!$E$16 -> 3642.4414 | AZ35: =AV35*'semicondutcor&electronic'!$E$16 -> 27.854598 | BA35: =AY35+AZ35 -> 3670.296 | BC35: =AY35/'PFAS toxicity'!$L$4*'PFAS toxicity'!$H$3 -> 36476449 | BD35: =AZ35/'PFAS toxicity'!$L$4*'PFAS toxicity'!$H$3 -> 278943.91 | BE35: =BC35+BD35 -> 36755393 | BG35: =AY35/'PFAS toxicity'!$L$4*'PFAS toxicity'!$I$3 -> 27516043 | BH35: =AZ35/'PFAS toxicity'!$L$4*'PFAS toxicity'!$I$3 -> 210421.59 | BI35: =BG35+BH35 -> 27726465 | BK35: 2025 | BL35: =1+'semicondutcor&electronic'!$A$27 -> 1.066 | BM35: =1+'semicondutcor&electronic'!$A$29 -> 1.1195
B36: 2026 | C36: =C35*T35 -> 38606.182 | D36: =D35*U35 -> 54.730639 | E36: =C36+D36 -> 38660.913 | G36: =C36*'semicondutcor&electronic'!$D$16*'semicondutcor&electronic'!$E$16 -> 3849.3321 | H36: =D36*'semicondutcor&electronic'!$E$16 -> 25.986019 | I36: =G36+H36 -> 3875.3181 | K36: =G36/'PFAS toxicity'!$L$4*'PFAS toxicity'!$H$3 -> 38548312 | L36: =H36/'PFAS toxicity'!$L$4*'PFAS toxicity'!$H$3 -> 260231.42 | M36: =K36+L36 -> 38808543 | O36: =G36/'PFAS toxicity'!$L$4*'PFAS toxicity'!$I$3 -> 29078955 | P36: =H36/'PFAS toxicity'!$L$4*'PFAS toxicity'!$I$3 -> 196305.81 | Q36: =O36+P36 -> 29275260 | S36: 2026 | T36: =1+'semicondutcor&electronic'!$A$26 -> 1.0568 | U36: =1+'semicondutcor&electronic'!$A$29 -> 1.1195 | X36: 2026 | Y36: =Y35*AP35 -> 38942.269 | Z36: =Z35*AQ35 -> 54.730639 | AA36: =Y36+Z36 -> 38997 | AC36: =Y36*'semicondutcor&electronic'!$D$16*'semicondutcor&electronic'!$E$18 -> 4465.269 | AD36: =Z36*'semicondutcor&electronic'!$E$18 -> 29.883922 | AE36: =AC36+AD36 -> 4495.1529 | AG36: =AC36/'PFAS toxicity'!$L$4*'PFAS toxicity'!$H$3 -> 44716479 | AH36: =AD36/'PFAS toxicity'!$L$4*'PFAS toxicity'!$H$3 -> 299266.13 | AI36: =AG36+AH36 -> 45015745 | AK36: =AC36/'PFAS toxicity'!$L$4*'PFAS toxicity'!$I$3 -> 33731918 | AL36: =AD36/'PFAS toxicity'!$L$4*'PFAS toxicity'!$I$3 -> 225751.68 | AM36: =AK36+AL36 -> 33957669 | AO36: 2026 | AP36: =1+'semicondutcor&electronic'!$A$27 -> 1.066 | AQ36: =1+'semicondutcor&electronic'!$A$29 -> 1.1195 | AT36: 2026 | AU36: =AU35*BL35 -> 38942.269 | AV36: =AV35*BM35 -> 65.676766 | AW36: =AU36+AV36 -> 39007.946 | AY36: =AU36*'semicondutcor&electronic'!$D$16*'semicondutcor&electronic'!$E$16 -> 3882.8426 | AZ36: =AV36*'semicondutcor&electronic'!$E$16 -> 31.183223 | BA36: =AY36+AZ36 -> 3914.0258 | BC36: =AY36/'PFAS toxicity'!$L$4*'PFAS toxicity'!$H$3 -> 38883895 | BD36: =AZ36/'PFAS toxicity'!$L$4*'PFAS toxicity'!$H$3 -> 312277.7 | BE36: =BC36+BD36 -> 39196173 | BG36: =AY36/'PFAS toxicity'!$L$4*'PFAS toxicity'!$I$3 -> 29332102 | BH36: =AZ36/'PFAS toxicity'!$L$4*'PFAS toxicity'!$I$3 -> 235566.97 | BI36: =BG36+BH36 -> 29567669 | BK36: 2026 | BL36: =1+'semicondutcor&electronic'!$A$27 -> 1.066 | BM36: =1+'semicondutcor&electronic'!$A$29 -> 1.1195
B37: 2027 | C37: =C36*T36 -> 40799.013 | D37: =D36*U36 -> 61.27095 | E37: =C37+D37 -> 40860.284 | G37: =C37*'semicondutcor&electronic'!$D$16*'semicondutcor&electronic'!$E$16 -> 4067.9742 | H37: =D37*'semicondutcor&electronic'!$E$16 -> 29.091348 | I37: =G37+H37 -> 4097.0655 | K37: =G37/'PFAS toxicity'!$L$4*'PFAS toxicity'!$H$3 -> 40737856 | L37: =H37/'PFAS toxicity'!$L$4*'PFAS toxicity'!$H$3 -> 291329.07 | M37: =K37+L37 -> 41029185 | O37: =G37/'PFAS toxicity'!$L$4*'PFAS toxicity'!$I$3 -> 30730639 | P37: =H37/'PFAS toxicity'!$L$4*'PFAS toxicity'!$I$3 -> 219764.36 | Q37: =O37+P37 -> 30950404 | S37: 2027 | T37: =1+'semicondutcor&electronic'!$A$26 -> 1.0568 | U37: =1+'semicondutcor&electronic'!$A$29 -> 1.1195 | X37: 2027 | Y37: =Y36*AP36 -> 41512.459 | Z37: =Z36*AQ36 -> 61.27095 | AA37: =Y37+Z37 -> 41573.73 | AC37: =Y37*'semicondutcor&electronic'!$D$16*'semicondutcor&electronic'!$E$18 -> 4759.9767 | AD37: =Z37*'semicondutcor&electronic'!$E$18 -> 33.45505 | AE37: =AC37+AD37 -> 4793.4318 | AG37: =AC37/'PFAS toxicity'!$L$4*'PFAS toxicity'!$H$3 -> 47667767 | AH37: =AD37/'PFAS toxicity'!$L$4*'PFAS toxicity'!$H$3 -> 335028.43 | AI37: =AG37+AH37 -> 48002795 | AK37: =AC37/'PFAS toxicity'!$L$4*'PFAS toxicity'!$I$3 -> 35958224 | AL37: =AD37/'PFAS toxicity'!$L$4*'PFAS toxicity'!$I$3 -> 252729.01 | AM37: =AK37+AL37 -> 36210953 | AO37: 2027 | AP37: =1+'semicondutcor&electronic'!$A$27 -> 1.066 | AQ37: =1+'semicondutcor&electronic'!$A$29 -> 1.1195 | AT37: 2027 | AU37: =AU36*BL36 -> 41512.459 | AV37: =AV36*BM36 -> 73.52514 | AW37: =AU37+AV37 -> 41585.984 | AY37: =AU37*'semicondutcor&electronic'!$D$16*'semicondutcor&electronic'!$E$16 -> 4139.1102 | AZ37: =AV37*'semicondutcor&electronic'!$E$16 -> 34.909618 | BA37: =AY37+AZ37 -> 4174.0198 | BC37: =AY37/'PFAS toxicity'!$L$4*'PFAS toxicity'!$H$3 -> 41450232 | BD37: =AZ37/'PFAS toxicity'!$L$4*'PFAS toxicity'!$H$3 -> 349594.89 | BE37: =BC37+BD37 -> 41799827 | BG37: =AY37/'PFAS toxicity'!$L$4*'PFAS toxicity'!$I$3 -> 31268021 | BH37: =AZ37/'PFAS toxicity'!$L$4*'PFAS toxicity'!$I$3 -> 263717.23 | BI37: =BG37+BH37 -> 31531738 | BK37: 2027 | BL37: =1+'semicondutcor&electronic'!$A$27 -> 1.066 | BM37: =1+'semicondutcor&electronic'!$A$29 -> 1.1195
B38: 2028 | C38: =C37*T37 -> 43116.397 | D38: =D37*U37 -> 68.592829 | E38: =C38+D38 -> 43184.99 | G38: =C38*'semicondutcor&electronic'!$D$16*'semicondutcor&electronic'!$E$16 -> 4299.0351 | H38: =D38*'semicondutcor&electronic'!$E$16 -> 32.567764 | I38: =G38+H38 -> 4331.6029 | K38: =G38/'PFAS toxicity'!$L$4*'PFAS toxicity'!$H$3 -> 43051766 | L38: =H38/'PFAS toxicity'!$L$4*'PFAS toxicity'!$H$3 -> 326142.9 | M38: =K38+L38 -> 43377909 | O38: =G38/'PFAS toxicity'!$L$4*'PFAS toxicity'!$I$3 -> 32476140 | P38: =H38/'PFAS toxicity'!$L$4*'PFAS toxicity'!$I$3 -> 246026.2 | Q38: =O38+P38 -> 32722166 | S38: 2028 | T38: =1+'semicondutcor&electronic'!$A$26 -> 1.0568 | U38: =1+'semicondutcor&electronic'!$A$29 -> 1.1195 | X38: 2028 | Y38: =Y37*AP37 -> 44252.281 | Z38: =Z37*AQ37 -> 68.592829 | AA38: =Y38+Z38 -> 44320.874 | AC38: =Y38*'semicondutcor&electronic'!$D$16*'semicondutcor&electronic'!$E$18 -> 5074.1352 | AD38: =Z38*'semicondutcor&electronic'!$E$18 -> 37.452929 | AE38: =AC38+AD38 -> 5111.5881 | AG38: =AC38/'PFAS toxicity'!$L$4*'PFAS toxicity'!$H$3 -> 50813839 | AH38: =AD38/'PFAS toxicity'!$L$4*'PFAS toxicity'!$H$3 -> 375064.33 | AI38: =AG38+AH38 -> 51188904 | AK38: =AC38/'PFAS toxicity'!$L$4*'PFAS toxicity'!$I$3 -> 38331467 | AL38: =AD38/'PFAS toxicity'!$L$4*'PFAS toxicity'!$I$3 -> 282930.13 | AM38: =AK38+AL38 -> 38614397 | AO38: 2028 | AP38: =1+'semicondutcor&electronic'!$A$27 -> 1.066 | AQ38: =1+'semicondutcor&electronic'!$A$29 -> 1.1195 | AT38: 2028 | AU38: =AU37*BL37 -> 44252.281 | AV38: =AV37*BM37 -> 82.311394 | AW38: =AU38+AV38 -> 44334.593 | AY38: =AU38*'semicondutcor&electronic'!$D$16*'semicondutcor&electronic'!$E$16 -> 4412.2915 | AZ38: =AV38*'semicondutcor&electronic'!$E$16 -> 39.081317 | BA38: =AY38+AZ38 -> 4451.3728 | BC38: =AY38/'PFAS toxicity'!$L$4*'PFAS toxicity'!$H$3 -> 44185947 | BD38: =AZ38/'PFAS toxicity'!$L$4*'PFAS toxicity'!$H$3 -> 391371.48 | BE38: =BC38+BD38 -> 44577319 | BG38: =AY38/'PFAS toxicity'!$L$4*'PFAS toxicity'!$I$3 -> 33331710 | BH38: =AZ38/'PFAS toxicity'!$L$4*'PFAS toxicity'!$I$3 -> 295231.44 | BI38: =BG38+BH38 -> 33626942 | BK38: 2028 | BL38: =1+'semicondutcor&electronic'!$A$27 -> 1.066 | BM38: =1+'semicondutcor&electronic'!$A$29 -> 1.1195
B39: 2029 | C39: =C38*T38 -> 45565.408 | D39: =D38*U38 -> 76.789672 | E39: =C39+D39 -> 45642.198 | G39: =C39*'semicondutcor&electronic'!$D$16*'semicondutcor&electronic'!$E$16 -> 4543.2203 | H39: =D39*'semicondutcor&electronic'!$E$16 -> 36.459612 | I39: =G39+H39 -> 4579.6799 | K39: =G39/'PFAS toxicity'!$L$4*'PFAS toxicity'!$H$3 -> 45497106 | L39: =H39/'PFAS toxicity'!$L$4*'PFAS toxicity'!$H$3 -> 365116.97 | M39: =K39+L39 -> 45862223 | O39: =G39/'PFAS toxicity'!$L$4*'PFAS toxicity'!$I$3 -> 34320784 | P39: =H39/'PFAS toxicity'!$L$4*'PFAS toxicity'!$I$3 -> 275426.33 | Q39: =O39+P39 -> 34596211 | S39: 2029 | T39: =1+'semicondutcor&electronic'!$A$26 -> 1.0568 | U39: =1+'semicondutcor&electronic'!$A$29 -> 1.1195 | X39: 2029 | Y39: =Y38*AP38 -> 47172.932 | Z39: =Z38*AQ38 -> 76.789672 | AA39: =Y39+Z39 -> 47249.721 | AC39: =Y39*'semicondutcor&electronic'!$D$16*'semicondutcor&electronic'!$E$18 -> 5409.0281 | AD39: =Z39*'semicondutcor&electronic'!$E$18 -> 41.928554 | AE39: =AC39+AD39 -> 5450.9567 | AG39: =AC39/'PFAS toxicity'!$L$4*'PFAS toxicity'!$H$3 -> 54167553 | AH39: =AD39/'PFAS toxicity'!$L$4*'PFAS toxicity'!$H$3 -> 419884.52 | AI39: =AG39+AH39 -> 54587437 | AK39: =AC39/'PFAS toxicity'!$L$4*'PFAS toxicity'!$I$3 -> 40861344 | AL39: =AD39/'PFAS toxicity'!$L$4*'PFAS toxicity'!$I$3 -> 316740.28 | AM39: =AK39+AL39 -> 41178084 | AO39: 2029 | AP39: =1+'semicondutcor&electronic'!$A$27 -> 1.066 | AQ39: =1+'semicondutcor&electronic'!$A$29 -> 1.1195 | AT39: 2029 | AU39: =AU38*BL38 -> 47172.932 | AV39: =AV38*BM38 -> 92.147606 | AW39: =AU39+AV39 -> 47265.079 | AY39: =AU39*'semicondutcor&electronic'!$D$16*'semicondutcor&electronic'!$E$16 -> 4703.5027 | AZ39: =AV39*'semicondutcor&electronic'!$E$16 -> 43.751535 | BA39: =AY39+AZ39 -> 4747.2542 | BC39: =AY39/'PFAS toxicity'!$L$4*'PFAS toxicity'!$H$3 -> 47102220 | BD39: =AZ39/'PFAS toxicity'!$L$4*'PFAS toxicity'!$H$3 -> 438140.37 | BE39: =BC39+BD39 -> 47540360 | BG39: =AY39/'PFAS toxicity'!$L$4*'PFAS toxicity'!$I$3 -> 35531603 | BH39: =AZ39/'PFAS toxicity'!$L$4*'PFAS toxicity'!$I$3 -> 330511.59 | BI39: =BG39+BH39 -> 35862115 | BK39: 2029 | BL39: =1+'semicondutcor&electronic'!$A$27 -> 1.066 | BM39: =1+'semicondutcor&electronic'!$A$29 -> 1.1195
B40: 2030 | C40: =C39*T39 -> 48153.524 | D40: =D39*U39 -> 85.966037 | E40: =C40+D40 -> 48239.49 | G40: =C40*'semicondutcor&electronic'!$D$16*'semicondutcor&electronic'!$E$16 -> 4801.2752 | H40: =D40*'semicondutcor&electronic'!$E$16 -> 40.816536 | I40: =G40+H40 -> 4842.0918 | K40: =G40/'PFAS toxicity'!$L$4*'PFAS toxicity'!$H$3 -> 48081342 | L40: =H40/'PFAS toxicity'!$L$4*'PFAS toxicity'!$H$3 -> 408748.45 | M40: =K40+L40 -> 48490090 | O40: =G40/'PFAS toxicity'!$L$4*'PFAS toxicity'!$I$3 -> 36270205 | P40: =H40/'PFAS toxicity'!$L$4*'PFAS toxicity'!$I$3 -> 308339.77 | Q40: =O40+P40 -> 36578545 | S40: 2030 | T40: =1+'semicondutcor&electronic'!$A$26 -> 1.0568 | U40: =1+'semicondutcor&electronic'!$A$29 -> 1.1195 | X40: 2030 | Y40: =Y39*AP39 -> 50286.345 | Z40: =Z39*AQ39 -> 85.966037 | AA40: =Y40+Z40 -> 50372.311 | AC40: =Y40*'semicondutcor&electronic'!$D$16*'semicondutcor&electronic'!$E$18 -> 5766.024 | AD40: =Z40*'semicondutcor&electronic'!$E$18 -> 46.939016 | AE40: =AC40+AD40 -> 5812.963 | AG40: =AC40/'PFAS toxicity'!$L$4*'PFAS toxicity'!$H$3 -> 57742611 | AH40: =AD40/'PFAS toxicity'!$L$4*'PFAS toxicity'!$H$3 -> 470060.72 | AI40: =AG40+AH40 -> 58212672 | AK40: =AC40/'PFAS toxicity'!$L$4*'PFAS toxicity'!$I$3 -> 43558192 | AL40: =AD40/'PFAS toxicity'!$L$4*'PFAS toxicity'!$I$3 -> 354590.74 | AM40: =AK40+AL40 -> 43912783 | AO40: 2030 | AP40: =1+'semicondutcor&electronic'!$A$27 -> 1.066 | AQ40: =1+'semicondutcor&electronic'!$A$29 -> 1.1195 | AT40: 2030 | AU40: =AU39*BL39 -> 50286.345 | AV40: =AV39*BM39 -> 103.15924 | AW40: =AU40+AV40 -> 50389.504 | AY40: =AU40*'semicondutcor&electronic'!$D$16*'semicondutcor&electronic'!$E$16 -> 5013.9339 | AZ40: =AV40*'semicondutcor&electronic'!$E$16 -> 48.979843 | BA40: =AY40+AZ40 -> 5062.9137 | BC40: =AY40/'PFAS toxicity'!$L$4*'PFAS toxicity'!$H$3 -> 50210966 | BD40: =AZ40/'PFAS toxicity'!$L$4*'PFAS toxicity'!$H$3 -> 490498.14 | BE40: =BC40+BD40 -> 50701465 | BG40: =AY40/'PFAS toxicity'!$L$4*'PFAS toxicity'!$I$3 -> 37876689 | BH40: =AZ40/'PFAS toxicity'!$L$4*'PFAS toxicity'!$I$3 -> 370007.73 | BI40: =BG40+BH40 -> 38246697 | BK40: 2030 | BL40: =1+'semicondutcor&electronic'!$A$27 -> 1.066 | BM40: =1+'semicondutcor&electronic'!$A$29 -> 1.1195
B41: 2031 | C41: =C40*T40 -> 50888.644 | D41: =D40*U40 -> 96.238979 | E41: =C41+D41 -> 50984.883 | G41: =C41*'semicondutcor&electronic'!$D$16*'semicondutcor&electronic'!$E$16 -> 5073.9877 | H41: =D41*'semicondutcor&electronic'!$E$16 -> 45.694112 | I41: =G41+H41 -> 5119.6818 | K41: =G41/'PFAS toxicity'!$L$4*'PFAS toxicity'!$H$3 -> 50812362 | L41: =H41/'PFAS toxicity'!$L$4*'PFAS toxicity'!$H$3 -> 457593.89 | M41: =K41+L41 -> 51269956 | O41: =G41/'PFAS toxicity'!$L$4*'PFAS toxicity'!$I$3 -> 38330352 | P41: =H41/'PFAS toxicity'!$L$4*'PFAS toxicity'!$I$3 -> 345186.38 | Q41: =O41+P41 -> 38675539 | S41: 2031 | T41: =1+'semicondutcor&electronic'!$A$26 -> 1.0568 | U41: =1+'semicondutcor&electronic'!$A$29 -> 1.1195 | X41: 2031 | Y41: =Y40*AP40 -> 53605.244 | Z41: =Z40*AQ40 -> 96.238979 | AA41: =Y41+Z41 -> 53701.483 | AC41: =Y41*'semicondutcor&electronic'!$D$16*'semicondutcor&electronic'!$E$18 -> 6146.5815 | AD41: =Z41*'semicondutcor&electronic'!$E$18 -> 52.548229 | AE41: =AC41+AD41 -> 6199.1298 | AG41: =AC41/'PFAS toxicity'!$L$4*'PFAS toxicity'!$H$3 -> 61553624 | AH41: =AD41/'PFAS toxicity'!$L$4*'PFAS toxicity'!$H$3 -> 526232.98 | AI41: =AG41+AH41 -> 62079857 | AK41: =AC41/'PFAS toxicity'!$L$4*'PFAS toxicity'!$I$3 -> 46433033 | AL41: =AD41/'PFAS toxicity'!$L$4*'PFAS toxicity'!$I$3 -> 396964.33 | AM41: =AK41+AL41 -> 46829997 | AO41: 2031 | AP41: =1+'semicondutcor&electronic'!$A$27 -> 1.066 | AQ41: =1+'semicondutcor&electronic'!$A$29 -> 1.1195 | AT41: 2031 | AU41: =AU40*BL40 -> 53605.244 | AV41: =AV40*BM40 -> 115.48677 | AW41: =AU41+AV41 -> 53720.731 | AY41: =AU41*'semicondutcor&electronic'!$D$16*'semicondutcor&electronic'!$E$16 -> 5344.8535 | AZ41: =AV41*'semicondutcor&electronic'!$E$16 -> 54.832934 | BA41: =AY41+AZ41 -> 5399.6864 | BC41: =AY41/'PFAS toxicity'!$L$4*'PFAS toxicity'!$H$3 -> 53524890 | BD41: =AZ41/'PFAS toxicity'!$L$4*'PFAS toxicity'!$H$3 -> 549112.67 | BE41: =BC41+BD41 -> 54074003 | BG41: =AY41/'PFAS toxicity'!$L$4*'PFAS toxicity'!$I$3 -> 40376551 | BH41: =AZ41/'PFAS toxicity'!$L$4*'PFAS toxicity'!$I$3 -> 414223.65 | BI41: =BG41+BH41 -> 40790774 | BK41: 2031 | BL41: =1+'semicondutcor&electronic'!$A$27 -> 1.066 | BM41: =1+'semicondutcor&electronic'!$A$29 -> 1.1195
B42: 2032 | C42: =C41*T41 -> 53779.119 | D42: =D41*U41 -> 107.73954 | E42: =C42+D42 -> 53886.858 | G42: =C42*'semicondutcor&electronic'!$D$16*'semicondutcor&electronic'!$E$16 -> 5362.1902 | H42: =D42*'semicondutcor&electronic'!$E$16 -> 51.154558 | I42: =G42+H42 -> 5413.3447 | K42: =G42/'PFAS toxicity'!$L$4*'PFAS toxicity'!$H$3 -> 53698504 | L42: =H42/'PFAS toxicity'!$L$4*'PFAS toxicity'!$H$3 -> 512276.36 | M42: =K42+L42 -> 54210781 | O42: =G42/'PFAS toxicity'!$L$4*'PFAS toxicity'!$I$3 -> 40507517 | P42: =H42/'PFAS toxicity'!$L$4*'PFAS toxicity'!$I$3 -> 386436.15 | Q42: =O42+P42 -> 40893953 | S42: 2032 | T42: =1+'semicondutcor&electronic'!$A$26 -> 1.0568 | U42: =1+'semicondutcor&electronic'!$A$29 -> 1.1195 | X42: 2032 | Y42: =Y41*AP41 -> 57143.19 | Z42: =Z41*AQ41 -> 107.73954 | AA42: =Y42+Z42 -> 57250.93 | AC42: =Y42*'semicondutcor&electronic'!$D$16*'semicondutcor&electronic'!$E$18 -> 6552.2559 | AD42: =Z42*'semicondutcor&electronic'!$E$18 -> 58.827742 | AE42: =AC42+AD42 -> 6611.0837 | AG42: =AC42/'PFAS toxicity'!$L$4*'PFAS toxicity'!$H$3 -> 65616163 | AH42: =AD42/'PFAS toxicity'!$L$4*'PFAS toxicity'!$H$3 -> 589117.82 | AI42: =AG42+AH42 -> 66205281 | AK42: =AC42/'PFAS toxicity'!$L$4*'PFAS toxicity'!$I$3 -> 49497613 | AL42: =AD42/'PFAS toxicity'!$L$4*'PFAS toxicity'!$I$3 -> 444401.57 | AM42: =AK42+AL42 -> 49942015 | AO42: 2032 | AP42: =1+'semicondutcor&electronic'!$A$27 -> 1.066 | AQ42: =1+'semicondutcor&electronic'!$A$29 -> 1.1195 | AT42: 2032 | AU42: =AU41*BL41 -> 57143.19 | AV42: =AV41*BM41 -> 129.28744 | AW42: =AU42+AV42 -> 57272.478 | AY42: =AU42*'semicondutcor&electronic'!$D$16*'semicondutcor&electronic'!$E$16 -> 5697.6138 | AZ42: =AV42*'semicondutcor&electronic'!$E$16 -> 61.38547 | BA42: =AY42+AZ42 -> 5758.9993 | BC42: =AY42/'PFAS toxicity'!$L$4*'PFAS toxicity'!$H$3 -> 57057533 | BD42: =AZ42/'PFAS toxicity'!$L$4*'PFAS toxicity'!$H$3 -> 614731.63 | BE42: =BC42+BD42 -> 57672265 | BG42: =AY42/'PFAS toxicity'!$L$4*'PFAS toxicity'!$I$3 -> 43041403 | BH42: =AZ42/'PFAS toxicity'!$L$4*'PFAS toxicity'!$I$3 -> 463723.38 | BI42: =BG42+BH42 -> 43505126 | BK42: 2032 | BL42: =1+'semicondutcor&electronic'!$A$27 -> 1.066 | BM42: =1+'semicondutcor&electronic'!$A$29 -> 1.1195
B43: 2033 | C43: =C42*T42 -> 56833.773 | D43: =D42*U42 -> 120.61441 | E43: =C43+D43 -> 56954.387 | G43: =C43*'semicondutcor&electronic'!$D$16*'semicondutcor&electronic'!$E$16 -> 5666.7626 | H43: =D43*'semicondutcor&electronic'!$E$16 -> 57.267528 | I43: =G43+H43 -> 5724.0301 | K43: =G43/'PFAS toxicity'!$L$4*'PFAS toxicity'!$H$3 -> 56748579 | L43: =H43/'PFAS toxicity'!$L$4*'PFAS toxicity'!$H$3 -> 573493.39 | M43: =K43+L43 -> 57322073 | O43: =G43/'PFAS toxicity'!$L$4*'PFAS toxicity'!$I$3 -> 42808343 | P43: =H43/'PFAS toxicity'!$L$4*'PFAS toxicity'!$I$3 -> 432615.27 | Q43: =O43+P43 -> 43240959 | S43: 2033 | T43: =1+'semicondutcor&electronic'!$A$26 -> 1.0568 | U43: =1+'semicondutcor&electronic'!$A$29 -> 1.1195 | X43: 2033 | Y43: =Y42*AP42 -> 60914.641 | Z43: =Z42*AQ42 -> 120.61441 | AA43: =Y43+Z43 -> 61035.255 | AC43: =Y43*'semicondutcor&electronic'!$D$16*'semicondutcor&electronic'!$E$18 -> 6984.7048 | AD43: =Z43*'semicondutcor&electronic'!$E$18 -> 65.857657 | AE43: =AC43+AD43 -> 7050.5625 | AG43: =AC43/'PFAS toxicity'!$L$4*'PFAS toxicity'!$H$3 -> 69946830 | AH43: =AD43/'PFAS toxicity'!$L$4*'PFAS toxicity'!$H$3 -> 659517.39 | AI43: =AG43+AH43 -> 70606347 | AK43: =AC43/'PFAS toxicity'!$L$4*'PFAS toxicity'!$I$3 -> 52764456 | AL43: =AD43/'PFAS toxicity'!$L$4*'PFAS toxicity'!$I$3 -> 497507.56 | AM43: =AK43+AL43 -> 53261963 | AO43: 2033 | AP43: =1+'semicondutcor&electronic'!$A$27 -> 1.066 | AQ43: =1+'semicondutcor&electronic'!$A$29 -> 1.1195 | AT43: 2033 | AU43: =AU42*BL42 -> 60914.641 | AV43: =AV42*BM42 -> 144.73729 | AW43: =AU43+AV43 -> 61059.378 | AY43: =AU43*'semicondutcor&electronic'!$D$16*'semicondutcor&electronic'!$E$16 -> 6073.6564 | AZ43: =AV43*'semicondutcor&electronic'!$E$16 -> 68.721034 | BA43: =AY43+AZ43 -> 6142.3774 | BC43: =AY43/'PFAS toxicity'!$L$4*'PFAS toxicity'!$H$3 -> 60823330 | BD43: =AZ43/'PFAS toxicity'!$L$4*'PFAS toxicity'!$H$3 -> 688192.06 | BE43: =BC43+BD43 -> 61511522 | BG43: =AY43/'PFAS toxicity'!$L$4*'PFAS toxicity'!$I$3 -> 45882135 | BH43: =AZ43/'PFAS toxicity'!$L$4*'PFAS toxicity'!$I$3 -> 519138.32 | BI43: =BG43+BH43 -> 46401274 | BK43: 2033 | BL43: =1+'semicondutcor&electronic'!$A$27 -> 1.066 | BM43: =1+'semicondutcor&electronic'!$A$29 -> 1.1195
B44: 2034 | C44: =C43*T43 -> 60061.931 | D44: =D43*U43 -> 135.02783 | E44: =C44+D44 -> 60196.959 | G44: =C44*'semicondutcor&electronic'!$D$16*'semicondutcor&electronic'!$E$16 -> 5988.6347 | H44: =D44*'semicondutcor&electronic'!$E$16 -> 64.110998 | I44: =G44+H44 -> 6052.7457 | K44: =G44/'PFAS toxicity'!$L$4*'PFAS toxicity'!$H$3 -> 59971899 | L44: =H44/'PFAS toxicity'!$L$4*'PFAS toxicity'!$H$3 -> 642025.85 | M44: =K44+L44 -> 60613924 | O44: =G44/'PFAS toxicity'!$L$4*'PFAS toxicity'!$I$3 -> 45239857 | P44: =H44/'PFAS toxicity'!$L$4*'PFAS toxicity'!$I$3 -> 484312.79 | Q44: =O44+P44 -> 45724170 | S44: 2034 | T44: =1+'semicondutcor&electronic'!$A$26 -> 1.0568 | U44: =1+'semicondutcor&electronic'!$A$29 -> 1.1195 | X44: 2034 | Y44: =Y43*AP43 -> 64935.007 | Z44: =Z43*AQ43 -> 135.02783 | AA44: =Y44+Z44 -> 65070.035 | AC44: =Y44*'semicondutcor&electronic'!$D$16*'semicondutcor&electronic'!$E$18 -> 7445.6953 | AD44: =Z44*'semicondutcor&electronic'!$E$18 -> 73.727647 | AE44: =AC44+AD44 -> 7519.423 | AG44: =AC44/'PFAS toxicity'!$L$4*'PFAS toxicity'!$H$3 -> 74563320 | AH44: =AD44/'PFAS toxicity'!$L$4*'PFAS toxicity'!$H$3 -> 738329.72 | AI44: =AG44+AH44 -> 75301650 | AK44: =AC44/'PFAS toxicity'!$L$4*'PFAS toxicity'!$I$3 -> 56246910 | AL44: =AD44/'PFAS toxicity'!$L$4*'PFAS toxicity'!$I$3 -> 556959.71 | AM44: =AK44+AL44 -> 56803870 | AO44: 2034 | AP44: =1+'semicondutcor&electronic'!$A$27 -> 1.066 | AQ44: =1+'semicondutcor&electronic'!$A$29 -> 1.1195 | AT44: 2034 | AU44: =AU43*BL43 -> 64935.007 | AV44: =AV43*BM43 -> 162.0334 | AW44: =AU44+AV44 -> 65097.04 | AY44: =AU44*'semicondutcor&electronic'!$D$16*'semicondutcor&electronic'!$E$16 -> 6474.5177 | AZ44: =AV44*'semicondutcor&electronic'!$E$16 -> 76.933197 | BA44: =AY44+AZ44 -> 6551.4509 | BC44: =AY44/'PFAS toxicity'!$L$4*'PFAS toxicity'!$H$3 -> 64837670 | BD44: =AZ44/'PFAS toxicity'!$L$4*'PFAS toxicity'!$H$3 -> 770431.02 | BE44: =BC44+BD44 -> 65608101 | BG44: =AY44/'PFAS toxicity'!$L$4*'PFAS toxicity'!$I$3 -> 48910356 | BH44: =AZ44/'PFAS toxicity'!$L$4*'PFAS toxicity'!$I$3 -> 581175.35 | BI44: =BG44+BH44 -> 49491532 | BK44: 2034 | BL44: =1+'semicondutcor&electronic'!$A$27 -> 1.066 | BM44: =1+'semicondutcor&electronic'!$A$29 -> 1.1195
B45: 2035 | C45: =C44*T44 -> 63473.449 | D45: =D44*U44 -> 151.16366 | E45: =C45+D45 -> 63624.612 | G45: =C45*'semicondutcor&electronic'!$D$16*'semicondutcor&electronic'!$E$16 -> 6328.7891 | H45: =D45*'semicondutcor&electronic'!$E$16 -> 71.772262 | I45: =G45+H45 -> 6400.5614 | K45: =G45/'PFAS toxicity'!$L$4*'PFAS toxicity'!$H$3 -> 63378302 | L45: =H45/'PFAS toxicity'!$L$4*'PFAS toxicity'!$H$3 -> 718747.94 | M45: =K45+L45 -> 64097050 | O45: =G45/'PFAS toxicity'!$L$4*'PFAS toxicity'!$I$3 -> 47809481 | P45: =H45/'PFAS toxicity'!$L$4*'PFAS toxicity'!$I$3 -> 542188.17 | Q45: =O45+P45 -> 48351669 | S45: 2035 | T45: =1+'semicondutcor&electronic'!$A$26 -> 1.0568 | U45: =1+'semicondutcor&electronic'!$A$29 -> 1.1195 | X45: 2035 | Y45: =Y44*AP44 -> 69220.717 | Z45: =Z44*AQ44 -> 151.16366 | AA45: =Y45+Z45 -> 69371.881 | AC45: =Y45*'semicondutcor&electronic'!$D$16*'semicondutcor&electronic'!$E$18 -> 7937.1112 | AD45: =Z45*'semicondutcor&electronic'!$E$18 -> 82.538101 | AE45: =AC45+AD45 -> 8019.6493 | AG45: =AC45/'PFAS toxicity'!$L$4*'PFAS toxicity'!$H$3 -> 79484500 | AH45: =AD45/'PFAS toxicity'!$L$4*'PFAS toxicity'!$H$3 -> 826560.13 | AI45: =AG45+AH45 -> 80311060 | AK45: =AC45/'PFAS toxicity'!$L$4*'PFAS toxicity'!$I$3 -> 59959206 | AL45: =AD45/'PFAS toxicity'!$L$4*'PFAS toxicity'!$I$3 -> 623516.4 | AM45: =AK45+AL45 -> 60582722 | AO45: 2035 | AP45: =1+'semicondutcor&electronic'!$A$27 -> 1.066 | AQ45: =1+'semicondutcor&electronic'!$A$29 -> 1.1195 | AT45: 2035 | AU45: =AU44*BL44 -> 69220.717 | AV45: =AV44*BM44 -> 181.39639 | AW45: =AU45+AV45 -> 69402.114 | AY45: =AU45*'semicondutcor&electronic'!$D$16*'semicondutcor&electronic'!$E$16 -> 6901.8358 | AZ45: =AV45*'semicondutcor&electronic'!$E$16 -> 86.126714 | BA45: =AY45+AZ45 -> 6987.9626 | BC45: =AY45/'PFAS toxicity'!$L$4*'PFAS toxicity'!$H$3 -> 69116956 | BD45: =AZ45/'PFAS toxicity'!$L$4*'PFAS toxicity'!$H$3 -> 862497.52 | BE45: =BC45+BD45 -> 69979454 | BG45: =AY45/'PFAS toxicity'!$L$4*'PFAS toxicity'!$I$3 -> 52138440 | BH45: =AZ45/'PFAS toxicity'!$L$4*'PFAS toxicity'!$I$3 -> 650625.81 | BI45: =BG45+BH45 -> 52789066 | BK45: 2035 | BL45: =1+'semicondutcor&electronic'!$A$27 -> 1.066 | BM45: =1+'semicondutcor&electronic'!$A$29 -> 1.1195
B49: 7.85%+14.9% | AT49: 0.15
B50: Results | K50: PFOS as basic | O50: PFOA Basic | S50: CAGR | AT50: Results | BC50: PFOS as basic | BG50: PFOA Basic | BK50: CAGR
C51: Use amount | G51: Emission to wastewater | K51: toxicity influence | O51: toxicity influence | T51: Use amount | AU51: Use amount | AY51: Emission to wastewater | BC51: toxicity influence | BG51: toxicity influence | BL51: Use amount
C52: Electronic | D52: Semiconductor | E52: Total | G52: Electronic | H52: Semiconductor | I52: Total | K52: Electronic | L52: Semiconductor | M52: Total | O52: Electronic | P52: Semiconductor | Q52: Total | T52: Electronic | U52: Semiconductor | AU52: Electronic | AV52: Semiconductor | AW52: Total | AY52: Electronic | AZ52: Semiconductor | BA52: Total | BC52: Electronic | BD52: Semiconductor | BE52: Total | BG52: Electronic | BH52: Semiconductor | BI52: Total | BL52: Electronic | BM52: Semiconductor
B53: 2020 | C53: ='semicondutcor&electronic'!$B$17 -> 28051.177 | D53: ='semicondutcor&electronic'!$B$11 -> 31.363072 | E53: =C53+D53 -> 28082.54 | G53: =C53*'semicondutcor&electronic'!$D$16*'semicondutcor&electronic'!$E$16 -> 2796.9172 | H53: =D53*'semicondutcor&electronic'!$E$16 -> 14.891136 | I53: =G53+H53 -> 2811.8084 | K53: =G53/'PFAS toxicity'!$L$4*'PFAS toxicity'!$H$3 -> 28009128 | L53: =H53/'PFAS toxicity'!$L$4*'PFAS toxicity'!$H$3 -> 149124.09 | M53: =K53+L53 -> 28158252 | O53: =G53/'PFAS toxicity'!$L$4*'PFAS toxicity'!$I$3 -> 21128712 | P53: =H53/'PFAS toxicity'!$L$4*'PFAS toxicity'!$I$3 -> 112491.9 | Q53: =O53+P53 -> 21241204 | S53: 2020 | T53: ='semicondutcor&electronic'!$A$36^(1/4) -> 1.0542475 | U53: ='semicondutcor&electronic'!$A$35^(1/4) -> 1.0928425 | AT53: 2020 | AU53: ='semicondutcor&electronic'!$B$18 -> 29461.576 | AV53: ='semicondutcor&electronic'!$B$11 -> 31.363072 | AW53: =AU53+AV53 -> 29492.939 | AY53: =AU53*'semicondutcor&electronic'!$D$16*'semicondutcor&electronic'!$E$16 -> 2937.5449 | AZ53: =AV53*'semicondutcor&electronic'!$E$16 -> 14.891136 | BA53: =AY53+AZ53 -> 2952.436 | BC53: =AY53/'PFAS toxicity'!$L$4*'PFAS toxicity'!$H$3 -> 29417414 | BD53: =AZ53/'PFAS toxicity'!$L$4*'PFAS toxicity'!$H$3 -> 149124.09 | BE53: =BC53+BD53 -> 29566538 | BG53: =AY53/'PFAS toxicity'!$L$4*'PFAS toxicity'!$I$3 -> 22191053 | BH53: =AZ53/'PFAS toxicity'!$L$4*'PFAS toxicity'!$I$3 -> 112491.9 | BI53: =BG53+BH53 -> 22303545 | BK53: 2020 | BL53: ='semicondutcor&electronic'!$A$36^(1/4) -> 1.0542475 | BM53: ='semicondutcor&electronic'!$A$35^(1/4) -> 1.0928425
B54: 2021 | C54: =C53*T53 -> 29572.884 | D54: =D53*U53 -> 34.274897 | E54: =C54+D54 -> 29607.159 | G54: =C54*'semicondutcor&electronic'!$D$16*'semicondutcor&electronic'!$E$16 -> 2948.6431 | H54: =D54*'semicondutcor&electronic'!$E$16 -> 16.273666 | I54: =G54+H54 -> 2964.9167 | K54: =G54/'PFAS toxicity'!$L$4*'PFAS toxicity'!$H$3 -> 29528554 | L54: =H54/'PFAS toxicity'!$L$4*'PFAS toxicity'!$H$3 -> 162969.14 | M54: =K54+L54 -> 29691523 | O54: =G54/'PFAS toxicity'!$L$4*'PFAS toxicity'!$I$3 -> 22274892 | P54: =H54/'PFAS toxicity'!$L$4*'PFAS toxicity'!$I$3 -> 122935.92 | Q54: =O54+P54 -> 22397828 | S54: 2021 | T54: ='semicondutcor&electronic'!$A$36^(1/4) -> 1.0542475 | U54: ='semicondutcor&electronic'!$A$35^(1/4) -> 1.0928425 | AT54: 2021 | AU54: =AU53*BL53 -> 31059.794 | AV54: =AV53*BM53 -> 34.274897 | AW54: =AU54+AV54 -> 31094.069 | AY54: =AU54*'semicondutcor&electronic'!$D$16*'semicondutcor&electronic'!$E$16 -> 3096.8994 | AZ54: =AV54*'semicondutcor&electronic'!$E$16 -> 16.273666 | BA54: =AY54+AZ54 -> 3113.1731 | BC54: =AY54/'PFAS toxicity'!$L$4*'PFAS toxicity'!$H$3 -> 31013236 | BD54: =AZ54/'PFAS toxicity'!$L$4*'PFAS toxicity'!$H$3 -> 162969.14 | BE54: =BC54+BD54 -> 31176205 | BG54: =AY54/'PFAS toxicity'!$L$4*'PFAS toxicity'!$I$3 -> 23394863 | BH54: =AZ54/'PFAS toxicity'!$L$4*'PFAS toxicity'!$I$3 -> 122935.92 | BI54: =BG54+BH54 -> 23517799 | BK54: 2021 | BL54: ='semicondutcor&electronic'!$A$36^(1/4) -> 1.0542475 | BM54: ='semicondutcor&electronic'!$A$35^(1/4) -> 1.0928425
B55: 2022 | C55: =C54*T54 -> 31177.14 | D55: =D54*U54 -> 37.457063 | E55: =C55+D55 -> 31214.597 | G55: =C55*'semicondutcor&electronic'!$D$16*'semicondutcor&electronic'!$E$16 -> 3108.5997 | H55: =D55*'semicondutcor&electronic'!$E$16 -> 17.784553 | I55: =G55+H55 -> 3126.3842 | K55: =G55/'PFAS toxicity'!$L$4*'PFAS toxicity'!$H$3 -> 31130405 | L55: =H55/'PFAS toxicity'!$L$4*'PFAS toxicity'!$H$3 -> 178099.6 | M55: =K55+L55 -> 31308505 | O55: =G55/'PFAS toxicity'!$L$4*'PFAS toxicity'!$I$3 -> 23483250 | P55: =H55/'PFAS toxicity'!$L$4*'PFAS toxicity'!$I$3 -> 134349.6 | Q55: =O55+P55 -> 23617600 | S55: 2022 | T55: ='semicondutcor&electronic'!$A$36^(1/4) -> 1.0542475 | U55: ='semicondutcor&electronic'!$A$35^(1/4) -> 1.0928425 | AT55: 2022 | AU55: =AU54*BL54 -> 32744.711 | AV55: =AV54*BM54 -> 37.457063 | AW55: =AU55+AV55 -> 32782.168 | AY55: =AU55*'semicondutcor&electronic'!$D$16*'semicondutcor&electronic'!$E$16 -> 3264.8986 | AZ55: =AV55*'semicondutcor&electronic'!$E$16 -> 17.784553 | BA55: =AY55+AZ55 -> 3282.6831 | BC55: =AY55/'PFAS toxicity'!$L$4*'PFAS toxicity'!$H$3 -> 32695627 | BD55: =AZ55/'PFAS toxicity'!$L$4*'PFAS toxicity'!$H$3 -> 178099.6 | BE55: =BC55+BD55 -> 32873727 | BG55: =AY55/'PFAS toxicity'!$L$4*'PFAS toxicity'!$I$3 -> 24663977 | BH55: =AZ55/'PFAS toxicity'!$L$4*'PFAS toxicity'!$I$3 -> 134349.6 | BI55: =BG55+BH55 -> 24798326 | BK55: 2022 | BL55: ='semicondutcor&electronic'!$A$36^(1/4) -> 1.0542475 | BM55: ='semicondutcor&electronic'!$A$35^(1/4) -> 1.0928425
B56: 2023 | C56: =C55*T55 -> 32868.423 | D56: =D55*U55 -> 40.93467 | E56: =C56+D56 -> 32909.357 | G56: =C56*'semicondutcor&electronic'!$D$16*'semicondutcor&electronic'!$E$16 -> 3277.2336 | H56: =D56*'semicondutcor&electronic'!$E$16 -> 19.435715 | I56: =G56+H56 -> 3296.6693 | K56: =G56/'PFAS toxicity'!$L$4*'PFAS toxicity'!$H$3 -> 32819153 | L56: =H56/'PFAS toxicity'!$L$4*'PFAS toxicity'!$H$3 -> 194634.8 | M56: =K56+L56 -> 33013788 | O56: =G56/'PFAS toxicity'!$L$4*'PFAS toxicity'!$I$3 -> 24757159 | P56: =H56/'PFAS toxicity'!$L$4*'PFAS toxicity'!$I$3 -> 146822.94 | Q56: =O56+P56 -> 24903982 | S56: 2023 | T56: ='semicondutcor&electronic'!$A$36^(1/4) -> 1.0542475 | U56: ='semicondutcor&electronic'!$A$35^(1/4) -> 1.0928425 | AT56: 2023 | AU56: =AU55*BL55 -> 34521.031 | AV56: =AV55*BM55 -> 40.93467 | AW56: =AU56+AV56 -> 34561.966 | AY56: =AU56*'semicondutcor&electronic'!$D$16*'semicondutcor&electronic'!$E$16 -> 3442.0113 | AZ56: =AV56*'semicondutcor&electronic'!$E$16 -> 19.435715 | BA56: =AY56+AZ56 -> 3461.447 | BC56: =AY56/'PFAS toxicity'!$L$4*'PFAS toxicity'!$H$3 -> 34469284 | BD56: =AZ56/'PFAS toxicity'!$L$4*'PFAS toxicity'!$H$3 -> 194634.8 | BE56: =BC56+BD56 -> 34663919 | BG56: =AY56/'PFAS toxicity'!$L$4*'PFAS toxicity'!$I$3 -> 26001937 | BH56: =AZ56/'PFAS toxicity'!$L$4*'PFAS toxicity'!$I$3 -> 146822.94 | BI56: =BG56+BH56 -> 26148760 | BK56: 2023 | BL56: ='semicondutcor&electronic'!$A$36^(1/4) -> 1.0542475 | BM56: ='semicondutcor&electronic'!$A$35^(1/4) -> 1.0928425
B57: 2024 | C57: =C56*T56 -> 34651.453 | D57: =D56*U56 -> 44.735145 | E57: =C57+D57 -> 34696.189 | G57: =C57*'semicondutcor&electronic'!$D$16*'semicondutcor&electronic'!$E$16 -> 3455.0154 | H57: =D57*'semicondutcor&electronic'!$E$16 -> 21.240175 | I57: =G57+H57 -> 3476.2556 | K57: =G57/'PFAS toxicity'!$L$4*'PFAS toxicity'!$H$3 -> 34599511 | L57: =H57/'PFAS toxicity'!$L$4*'PFAS toxicity'!$H$3 -> 212705.18 | M57: =K57+L57 -> 34812216 | O57: =G57/'PFAS toxicity'!$L$4*'PFAS toxicity'!$I$3 -> 26100173 | P57: =H57/'PFAS toxicity'!$L$4*'PFAS toxicity'!$I$3 -> 160454.35 | Q57: =O57+P57 -> 26260628 | S57: 2024 | T57: ='semicondutcor&electronic'!$A$36^(1/4) -> 1.0542475 | U57: ='semicondutcor&electronic'!$A$35^(1/4) -> 1.0928425 | AT57: 2024 | AU57: =AU56*BL56 -> 36393.712 | AV57: =AV56*BM56 -> 44.735145 | AW57: =AU57+AV57 -> 36438.447 | AY57: =AU57*'semicondutcor&electronic'!$D$16*'semicondutcor&electronic'!$E$16 -> 3628.7319 | AZ57: =AV57*'semicondutcor&electronic'!$E$16 -> 21.240175 | BA57: =AY57+AZ57 -> 3649.9721 | BC57: =AY57/'PFAS toxicity'!$L$4*'PFAS toxicity'!$H$3 -> 36339158 | BD57: =AZ57/'PFAS toxicity'!$L$4*'PFAS toxicity'!$H$3 -> 212705.18 | BE57: =BC57+BD57 -> 36551863 | BG57: =AY57/'PFAS toxicity'!$L$4*'PFAS toxicity'!$I$3 -> 27412477 | BH57: =AZ57/'PFAS toxicity'!$L$4*'PFAS toxicity'!$I$3 -> 160454.35 | BI57: =BG57+BH57 -> 27572932 | BK57: 2024 | BL57: ='semicondutcor&electronic'!$A$36^(1/4) -> 1.0542475 | BM57: ='semicondutcor&electronic'!$A$35^(1/4) -> 1.0928425
B58: 2025 | C58: =C57*T57 -> 36531.209 | D58: =D57*U57 -> 48.888467 | E58: =C58+D58 -> 36580.098 | G58: =C58*'semicondutcor&electronic'!$D$16*'semicondutcor&electronic'!$E$16 -> 3642.4414 | H58: =D58*'semicondutcor&electronic'!$E$16 -> 23.212165 | I58: =G58+H58 -> 3665.6536 | K58: =G58/'PFAS toxicity'!$L$4*'PFAS toxicity'!$H$3 -> 36476449 | L58: =H58/'PFAS toxicity'!$L$4*'PFAS toxicity'!$H$3 -> 232453.25 | M58: =K58+L58 -> 36708903 | O58: =G58/'PFAS toxicity'!$L$4*'PFAS toxicity'!$I$3 -> 27516043 | P58: =H58/'PFAS toxicity'!$L$4*'PFAS toxicity'!$I$3 -> 175351.33 | Q58: =O58+P58 -> 27691395 | S58: 2025 | T58: =1+'semicondutcor&electronic'!$A$28 -> 1.0785 | U58: =1+'semicondutcor&electronic'!$A$29 -> 1.1195 | AT58: 2025 | AU58: =AU57*BL57 -> 38367.981 | AV58: =AV57*BM57 -> 48.888467 | AW58: =AU58+AV58 -> 38416.869 | AY58: =AU58*'semicondutcor&electronic'!$D$16*'semicondutcor&electronic'!$E$16 -> 3825.5816 | AZ58: =AV58*'semicondutcor&electronic'!$E$16 -> 23.212165 | BA58: =AY58+AZ58 -> 3848.7938 | BC58: =AY58/'PFAS toxicity'!$L$4*'PFAS toxicity'!$H$3 -> 38310468 | BD58: =AZ58/'PFAS toxicity'!$L$4*'PFAS toxicity'!$H$3 -> 232453.25 | BE58: =BC58+BD58 -> 38542921 | BG58: =AY58/'PFAS toxicity'!$L$4*'PFAS toxicity'!$I$3 -> 28899537 | BH58: =AZ58/'PFAS toxicity'!$L$4*'PFAS toxicity'!$I$3 -> 175351.33 | BI58: =BG58+BH58 -> 29074888 | BK58: 2025 | BL58: =1+'semicondutcor&electronic'!$A$27 -> 1.066 | BM58: =1+'semicondutcor&electronic'!$A$29 -> 1.1195
B59: 2026 | C59: =C58*T58 -> 39398.909 | D59: =D58*U58 -> 54.730639 | E59: =C59+D59 -> 39453.64 | G59: =C59*'semicondutcor&electronic'!$D$16*'semicondutcor&electronic'!$E$16 -> 3928.3731 | H59: =D59*'semicondutcor&electronic'!$E$16 -> 25.986019 | I59: =G59+H59 -> 3954.3591 | K59: =G59/'PFAS toxicity'!$L$4*'PFAS toxicity'!$H$3 -> 39339851 | L59: =H59/'PFAS toxicity'!$L$4*'PFAS toxicity'!$H$3 -> 260231.42 | M59: =K59+L59 -> 39600082 | O59: =G59/'PFAS toxicity'!$L$4*'PFAS toxicity'!$I$3 -> 29676053 | P59: =H59/'PFAS toxicity'!$L$4*'PFAS toxicity'!$I$3 -> 196305.81 | Q59: =O59+P59 -> 29872359 | S59: 2026 | T59: =1+'semicondutcor&electronic'!$A$28 -> 1.0785 | U59: =1+'semicondutcor&electronic'!$A$29 -> 1.1195 | AT59: 2026 | AU59: =AU58*BL58 -> 40900.268 | AV59: =AV58*BM58 -> 54.730639 | AW59: =AU59+AV59 -> 40954.998 | AY59: =AU59*'semicondutcor&electronic'!$D$16*'semicondutcor&electronic'!$E$16 -> 4078.07 | AZ59: =AV59*'semicondutcor&electronic'!$E$16 -> 25.986019 | BA59: =AY59+AZ59 -> 4104.056 | BC59: =AY59/'PFAS toxicity'!$L$4*'PFAS toxicity'!$H$3 -> 40838958 | BD59: =AZ59/'PFAS toxicity'!$L$4*'PFAS toxicity'!$H$3 -> 260231.42 | BE59: =BC59+BD59 -> 41099190 | BG59: =AY59/'PFAS toxicity'!$L$4*'PFAS toxicity'!$I$3 -> 30806906 | BH59: =AZ59/'PFAS toxicity'!$L$4*'PFAS toxicity'!$I$3 -> 196305.81 | BI59: =BG59+BH59 -> 31003212 | BK59: 2026 | BL59: =1+'semicondutcor&electronic'!$A$27 -> 1.066 | BM59: =1+'semicondutcor&electronic'!$A$29 -> 1.1195
B60: 2027 | C60: =C59*T59 -> 42491.724 | D60: =D59*U59 -> 61.27095 | E60: =C60+D60 -> 42552.995 | G60: =C60*'semicondutcor&electronic'!$D$16*'semicondutcor&electronic'!$E$16 -> 4236.7504 | H60: =D60*'semicondutcor&electronic'!$E$16 -> 29.091348 | I60: =G60+H60 -> 4265.8417 | K60: =G60/'PFAS toxicity'!$L$4*'PFAS toxicity'!$H$3 -> 42428029 | L60: =H60/'PFAS toxicity'!$L$4*'PFAS toxicity'!$H$3 -> 291329.07 | M60: =K60+L60 -> 42719358 | O60: =G60/'PFAS toxicity'!$L$4*'PFAS toxicity'!$I$3 -> 32005623 | P60: =H60/'PFAS toxicity'!$L$4*'PFAS toxicity'!$I$3 -> 219764.36 | Q60: =O60+P60 -> 32225387 | S60: 2027 | T60: =1+'semicondutcor&electronic'!$A$28 -> 1.0785 | U60: =1+'semicondutcor&electronic'!$A$29 -> 1.1195 | AT60: 2027 | AU60: =AU59*BL59 -> 43599.685 | AV60: =AV59*BM59 -> 61.27095 | AW60: =AU60+AV60 -> 43660.956 | AY60: =AU60*'semicondutcor&electronic'!$D$16*'semicondutcor&electronic'!$E$16 -> 4347.2227 | AZ60: =AV60*'semicondutcor&electronic'!$E$16 -> 29.091348 | BA60: =AY60+AZ60 -> 4376.314 | BC60: =AY60/'PFAS toxicity'!$L$4*'PFAS toxicity'!$H$3 -> 43534330 | BD60: =AZ60/'PFAS toxicity'!$L$4*'PFAS toxicity'!$H$3 -> 291329.07 | BE60: =BC60+BD60 -> 43825659 | BG60: =AY60/'PFAS toxicity'!$L$4*'PFAS toxicity'!$I$3 -> 32840162 | BH60: =AZ60/'PFAS toxicity'!$L$4*'PFAS toxicity'!$I$3 -> 219764.36 | BI60: =BG60+BH60 -> 33059926 | BK60: 2027 | BL60: =1+'semicondutcor&electronic'!$A$27 -> 1.066 | BM60: =1+'semicondutcor&electronic'!$A$29 -> 1.1195
B61: 2028 | C61: =C60*T60 -> 45827.324 | D61: =D60*U60 -> 68.592829 | E61: =C61+D61 -> 45895.917 | G61: =C61*'semicondutcor&electronic'!$D$16*'semicondutcor&electronic'!$E$16 -> 4569.3353 | H61: =D61*'semicondutcor&electronic'!$E$16 -> 32.567764 | I61: =G61+H61 -> 4601.9031 | K61: =G61/'PFAS toxicity'!$L$4*'PFAS toxicity'!$H$3 -> 45758629 | L61: =H61/'PFAS toxicity'!$L$4*'PFAS toxicity'!$H$3 -> 326142.9 | M61: =K61+L61 -> 46084772 | O61: =G61/'PFAS toxicity'!$L$4*'PFAS toxicity'!$I$3 -> 34518064 | P61: =H61/'PFAS toxicity'!$L$4*'PFAS toxicity'!$I$3 -> 246026.2 | Q61: =O61+P61 -> 34764091 | S61: 2028 | T61: =1+'semicondutcor&electronic'!$A$28 -> 1.0785 | U61: =1+'semicondutcor&electronic'!$A$29 -> 1.1195 | AT61: 2028 | AU61: =AU60*BL60 -> 46477.264 | AV61: =AV60*BM60 -> 68.592829 | AW61: =AU61+AV61 -> 46545.857 | AY61: =AU61*'semicondutcor&electronic'!$D$16*'semicondutcor&electronic'!$E$16 -> 4634.1393 | AZ61: =AV61*'semicondutcor&electronic'!$E$16 -> 32.567764 | BA61: =AY61+AZ61 -> 4666.7071 | BC61: =AY61/'PFAS toxicity'!$L$4*'PFAS toxicity'!$H$3 -> 46407595 | BD61: =AZ61/'PFAS toxicity'!$L$4*'PFAS toxicity'!$H$3 -> 326142.9 | BE61: =BC61+BD61 -> 46733738 | BG61: =AY61/'PFAS toxicity'!$L$4*'PFAS toxicity'!$I$3 -> 35007613 | BH61: =AZ61/'PFAS toxicity'!$L$4*'PFAS toxicity'!$I$3 -> 246026.2 | BI61: =BG61+BH61 -> 35253639 | BK61: 2028 | BL61: =1+'semicondutcor&electronic'!$A$27 -> 1.066 | BM61: =1+'semicondutcor&electronic'!$A$29 -> 1.1195
B62: 2029 | C62: =C61*T61 -> 49424.769 | D62: =D61*U61 -> 76.789672 | E62: =C62+D62 -> 49501.559 | G62: =C62*'semicondutcor&electronic'!$D$16*'semicondutcor&electronic'!$E$16 -> 4928.0281 | H62: =D62*'semicondutcor&electronic'!$E$16 -> 36.459612 | I62: =G62+H62 -> 4964.4877 | K62: =G62/'PFAS toxicity'!$L$4*'PFAS toxicity'!$H$3 -> 49350682 | L62: =H62/'PFAS toxicity'!$L$4*'PFAS toxicity'!$H$3 -> 365116.97 | M62: =K62+L62 -> 49715799 | O62: =G62/'PFAS toxicity'!$L$4*'PFAS toxicity'!$I$3 -> 37227732 | P62: =H62/'PFAS toxicity'!$L$4*'PFAS toxicity'!$I$3 -> 275426.33 | Q62: =O62+P62 -> 37503159 | S62: 2029 | T62: =1+'semicondutcor&electronic'!$A$28 -> 1.0785 | U62: =1+'semicondutcor&electronic'!$A$29 -> 1.1195 | AT62: 2029 | AU62: =AU61*BL61 -> 49544.764 | AV62: =AV61*BM61 -> 76.789672 | AW62: =AU62+AV62 -> 49621.554 | AY62: =AU62*'semicondutcor&electronic'!$D$16*'semicondutcor&electronic'!$E$16 -> 4939.9925 | AZ62: =AV62*'semicondutcor&electronic'!$E$16 -> 36.459612 | BA62: =AY62+AZ62 -> 4976.4522 | BC62: =AY62/'PFAS toxicity'!$L$4*'PFAS toxicity'!$H$3 -> 49470497 | BD62: =AZ62/'PFAS toxicity'!$L$4*'PFAS toxicity'!$H$3 -> 365116.97 | BE62: =BC62+BD62 -> 49835614 | BG62: =AY62/'PFAS toxicity'!$L$4*'PFAS toxicity'!$I$3 -> 37318115 | BH62: =AZ62/'PFAS toxicity'!$L$4*'PFAS toxicity'!$I$3 -> 275426.33 | BI62: =BG62+BH62 -> 37593541 | BK62: 2029 | BL62: =1+'semicondutcor&electronic'!$A$27 -> 1.066 | BM62: =1+'semicondutcor&electronic'!$A$29 -> 1.1195
B63: 2030 | C63: =C62*T62 -> 53304.613 | D63: =D62*U62 -> 85.966037 | E63: =C63+D63 -> 53390.579 | G63: =C63*'semicondutcor&electronic'!$D$16*'semicondutcor&electronic'!$E$16 -> 5314.8783 | H63: =D63*'semicondutcor&electronic'!$E$16 -> 40.816536 | I63: =G63+H63 -> 5355.6949 | K63: =G63/'PFAS toxicity'!$L$4*'PFAS toxicity'!$H$3 -> 53224710 | L63: =H63/'PFAS toxicity'!$L$4*'PFAS toxicity'!$H$3 -> 408748.45 | M63: =K63+L63 -> 53633458 | O63: =G63/'PFAS toxicity'!$L$4*'PFAS toxicity'!$I$3 -> 40150109 | P63: =H63/'PFAS toxicity'!$L$4*'PFAS toxicity'!$I$3 -> 308339.77 | Q63: =O63+P63 -> 40458449 | S63: 2030 | T63: =1+'semicondutcor&electronic'!$A$28 -> 1.0785 | U63: =1+'semicondutcor&electronic'!$A$29 -> 1.1195 | AT63: 2030 | AU63: =AU62*BL62 -> 52814.718 | AV63: =AV62*BM62 -> 85.966037 | AW63: =AU63+AV63 -> 52900.684 | AY63: =AU63*'semicondutcor&electronic'!$D$16*'semicondutcor&electronic'!$E$16 -> 5266.032 | AZ63: =AV63*'semicondutcor&electronic'!$E$16 -> 40.816536 | BA63: =AY63+AZ63 -> 5306.8486 | BC63: =AY63/'PFAS toxicity'!$L$4*'PFAS toxicity'!$H$3 -> 52735550 | BD63: =AZ63/'PFAS toxicity'!$L$4*'PFAS toxicity'!$H$3 -> 408748.45 | BE63: =BC63+BD63 -> 53144298 | BG63: =AY63/'PFAS toxicity'!$L$4*'PFAS toxicity'!$I$3 -> 39781111 | BH63: =AZ63/'PFAS toxicity'!$L$4*'PFAS toxicity'!$I$3 -> 308339.77 | BI63: =BG63+BH63 -> 40089450 | BK63: 2030 | BL63: =1+'semicondutcor&electronic'!$A$27 -> 1.066 | BM63: =1+'semicondutcor&electronic'!$A$29 -> 1.1195
B64: 2031 | C64: =C63*T63 -> 57489.025 | D64: =D63*U63 -> 96.238979 | E64: =C64+D64 -> 57585.264 | G64: =C64*'semicondutcor&electronic'!$D$16*'semicondutcor&electronic'!$E$16 -> 5732.0963 | H64: =D64*'semicondutcor&electronic'!$E$16 -> 45.694112 | I64: =G64+H64 -> 5777.7904 | K64: =G64/'PFAS toxicity'!$L$4*'PFAS toxicity'!$H$3 -> 57402850 | L64: =H64/'PFAS toxicity'!$L$4*'PFAS toxicity'!$H$3 -> 457593.89 | M64: =K64+L64 -> 57860444 | O64: =G64/'PFAS toxicity'!$L$4*'PFAS toxicity'!$I$3 -> 43301893 | P64: =H64/'PFAS toxicity'!$L$4*'PFAS toxicity'!$I$3 -> 345186.38 | Q64: =O64+P64 -> 43647079 | S64: 2031 | T64: =1+'semicondutcor&electronic'!$A$28 -> 1.0785 | U64: =1+'semicondutcor&electronic'!$A$29 -> 1.1195 | AT64: 2031 | AU64: =AU63*BL63 -> 56300.49 | AV64: =AV63*BM63 -> 96.238979 | AW64: =AU64+AV64 -> 56396.729 | AY64: =AU64*'semicondutcor&electronic'!$D$16*'semicondutcor&electronic'!$E$16 -> 5613.5902 | AZ64: =AV64*'semicondutcor&electronic'!$E$16 -> 45.694112 | BA64: =AY64+AZ64 -> 5659.2843 | BC64: =AY64/'PFAS toxicity'!$L$4*'PFAS toxicity'!$H$3 -> 56216096 | BD64: =AZ64/'PFAS toxicity'!$L$4*'PFAS toxicity'!$H$3 -> 457593.89 | BE64: =BC64+BD64 -> 56673690 | BG64: =AY64/'PFAS toxicity'!$L$4*'PFAS toxicity'!$I$3 -> 42406664 | BH64: =AZ64/'PFAS toxicity'!$L$4*'PFAS toxicity'!$I$3 -> 345186.38 | BI64: =BG64+BH64 -> 42751850 | BK64: 2031 | BL64: =1+'semicondutcor&electronic'!$A$27 -> 1.066 | BM64: =1+'semicondutcor&electronic'!$A$29 -> 1.1195
B65: 2032 | C65: =C64*T64 -> 62001.914 | D65: =D64*U64 -> 107.73954 | E65: =C65+D65 -> 62109.653 | G65: =C65*'semicondutcor&electronic'!$D$16*'semicondutcor&electronic'!$E$16 -> 6182.0658 | H65: =D65*'semicondutcor&electronic'!$E$16 -> 51.154558 | I65: =G65+H65 -> 6233.2204 | K65: =G65/'PFAS toxicity'!$L$4*'PFAS toxicity'!$H$3 -> 61908973 | L65: =H65/'PFAS toxicity'!$L$4*'PFAS toxicity'!$H$3 -> 512276.36 | M65: =K65+L65 -> 62421250 | O65: =G65/'PFAS toxicity'!$L$4*'PFAS toxicity'!$I$3 -> 46701092 | P65: =H65/'PFAS toxicity'!$L$4*'PFAS toxicity'!$I$3 -> 386436.15 | Q65: =O65+P65 -> 47087528 | S65: 2032 | T65: =1+'semicondutcor&electronic'!$A$28 -> 1.0785 | U65: =1+'semicondutcor&electronic'!$A$29 -> 1.1195 | AT65: 2032 | AU65: =AU64*BL64 -> 60016.322 | AV65: =AV64*BM64 -> 107.73954 | AW65: =AU65+AV65 -> 60124.062 | AY65: =AU65*'semicondutcor&electronic'!$D$16*'semicondutcor&electronic'!$E$16 -> 5984.0871 | AZ65: =AV65*'semicondutcor&electronic'!$E$16 -> 51.154558 | BA65: =AY65+AZ65 -> 6035.2417 | BC65: =AY65/'PFAS toxicity'!$L$4*'PFAS toxicity'!$H$3 -> 59926358 | BD65: =AZ65/'PFAS toxicity'!$L$4*'PFAS toxicity'!$H$3 -> 512276.36 | BE65: =BC65+BD65 -> 60438634 | BG65: =AY65/'PFAS toxicity'!$L$4*'PFAS toxicity'!$I$3 -> 45205504 | BH65: =AZ65/'PFAS toxicity'!$L$4*'PFAS toxicity'!$I$3 -> 386436.15 | BI65: =BG65+BH65 -> 45591940 | BK65: 2032 | BL65: =1+'semicondutcor&electronic'!$A$27 -> 1.066 | BM65: =1+'semicondutcor&electronic'!$A$29 -> 1.1195
B66: 2033 | C66: =C65*T65 -> 66869.064 | D66: =D65*U65 -> 120.61441 | E66: =C66+D66 -> 66989.678 | G66: =C66*'semicondutcor&electronic'!$D$16*'semicondutcor&electronic'!$E$16 -> 6667.358 | H66: =D66*'semicondutcor&electronic'!$E$16 -> 57.267528 | I66: =G66+H66 -> 6724.6255 | K66: =G66/'PFAS toxicity'!$L$4*'PFAS toxicity'!$H$3 -> 66768828 | L66: =H66/'PFAS toxicity'!$L$4*'PFAS toxicity'!$H$3 -> 573493.39 | M66: =K66+L66 -> 67342321 | O66: =G66/'PFAS toxicity'!$L$4*'PFAS toxicity'!$I$3 -> 50367127 | P66: =H66/'PFAS toxicity'!$L$4*'PFAS toxicity'!$I$3 -> 432615.27 | Q66: =O66+P66 -> 50799742 | S66: 2033 | T66: =1+'semicondutcor&electronic'!$A$28 -> 1.0785 | U66: =1+'semicondutcor&electronic'!$A$29 -> 1.1195 | AT66: 2033 | AU66: =AU65*BL65 -> 63977.399 | AV66: =AV65*BM65 -> 120.61441 | AW66: =AU66+AV66 -> 64098.014 | AY66: =AU66*'semicondutcor&electronic'!$D$16*'semicondutcor&electronic'!$E$16 -> 6379.0369 | AZ66: =AV66*'semicondutcor&electronic'!$E$16 -> 57.267528 | BA66: =AY66+AZ66 -> 6436.3044 | BC66: =AY66/'PFAS toxicity'!$L$4*'PFAS toxicity'!$H$3 -> 63881498 | BD66: =AZ66/'PFAS toxicity'!$L$4*'PFAS toxicity'!$H$3 -> 573493.39 | BE66: =BC66+BD66 -> 64454991 | BG66: =AY66/'PFAS toxicity'!$L$4*'PFAS toxicity'!$I$3 -> 48189067 | BH66: =AZ66/'PFAS toxicity'!$L$4*'PFAS toxicity'!$I$3 -> 432615.27 | BI66: =BG66+BH66 -> 48621682 | BK66: 2033 | BL66: =1+'semicondutcor&electronic'!$A$27 -> 1.066 | BM66: =1+'semicondutcor&electronic'!$A$29 -> 1.1195
B67: 2034 | C67: =C66*T66 -> 72118.286 | D67: =D66*U66 -> 135.02783 | E67: =C67+D67 -> 72253.313 | G67: =C67*'semicondutcor&electronic'!$D$16*'semicondutcor&electronic'!$E$16 -> 7190.7456 | H67: =D67*'semicondutcor&electronic'!$E$16 -> 64.110998 | I67: =G67+H67 -> 7254.8566 | K67: =G67/'PFAS toxicity'!$L$4*'PFAS toxicity'!$H$3 -> 72010181 | L67: =H67/'PFAS toxicity'!$L$4*'PFAS toxicity'!$H$3 -> 642025.85 | M67: =K67+L67 -> 72652207 | O67: =G67/'PFAS toxicity'!$L$4*'PFAS toxicity'!$I$3 -> 54320947 | P67: =H67/'PFAS toxicity'!$L$4*'PFAS toxicity'!$I$3 -> 484312.79 | Q67: =O67+P67 -> 54805260 | S67: 2034 | T67: =1+'semicondutcor&electronic'!$A$28 -> 1.0785 | U67: =1+'semicondutcor&electronic'!$A$29 -> 1.1195 | AT67: 2034 | AU67: =AU66*BL66 -> 68199.908 | AV67: =AV66*BM66 -> 135.02783 | AW67: =AU67+AV67 -> 68334.936 | AY67: =AU67*'semicondutcor&electronic'!$D$16*'semicondutcor&electronic'!$E$16 -> 6800.0533 | AZ67: =AV67*'semicondutcor&electronic'!$E$16 -> 64.110998 | BA67: =AY67+AZ67 -> 6864.1643 | BC67: =AY67/'PFAS toxicity'!$L$4*'PFAS toxicity'!$H$3 -> 68097677 | BD67: =AZ67/'PFAS toxicity'!$L$4*'PFAS toxicity'!$H$3 -> 642025.85 | BE67: =BC67+BD67 -> 68739702 | BG67: =AY67/'PFAS toxicity'!$L$4*'PFAS toxicity'!$I$3 -> 51369545 | BH67: =AZ67/'PFAS toxicity'!$L$4*'PFAS toxicity'!$I$3 -> 484312.79 | BI67: =BG67+BH67 -> 51853858 | BK67: 2034 | BL67: =1+'semicondutcor&electronic'!$A$27 -> 1.066 | BM67: =1+'semicondutcor&electronic'!$A$29 -> 1.1195
B68: 2035 | C68: =C67*T67 -> 77779.571 | D68: =D67*U67 -> 151.16366 | E68: =C68+D68 -> 77930.735 | G68: =C68*'semicondutcor&electronic'!$D$16*'semicondutcor&electronic'!$E$16 -> 7755.2191 | H68: =D68*'semicondutcor&electronic'!$E$16 -> 71.772262 | I68: =G68+H68 -> 7826.9914 | K68: =G68/'PFAS toxicity'!$L$4*'PFAS toxicity'!$H$3 -> 77662980 | L68: =H68/'PFAS toxicity'!$L$4*'PFAS toxicity'!$H$3 -> 718747.94 | M68: =K68+L68 -> 78381728 | O68: =G68/'PFAS toxicity'!$L$4*'PFAS toxicity'!$I$3 -> 58585141 | P68: =H68/'PFAS toxicity'!$L$4*'PFAS toxicity'!$I$3 -> 542188.17 | Q68: =O68+P68 -> 59127329 | S68: 2035 | T68: =1+'semicondutcor&electronic'!$A$28 -> 1.0785 | U68: =1+'semicondutcor&electronic'!$A$29 -> 1.1195 | AT68: 2035 | AU68: =AU67*BL67 -> 72701.102 | AV68: =AV67*BM67 -> 151.16366 | AW68: =AU68+AV68 -> 72852.265 | AY68: =AU68*'semicondutcor&electronic'!$D$16*'semicondutcor&electronic'!$E$16 -> 7248.8568 | AZ68: =AV68*'semicondutcor&electronic'!$E$16 -> 71.772262 | BA68: =AY68+AZ68 -> 7320.6291 | BC68: =AY68/'PFAS toxicity'!$L$4*'PFAS toxicity'!$H$3 -> 72592123 | BD68: =AZ68/'PFAS toxicity'!$L$4*'PFAS toxicity'!$H$3 -> 718747.94 | BE68: =BC68+BD68 -> 73310871 | BG68: =AY68/'PFAS toxicity'!$L$4*'PFAS toxicity'!$I$3 -> 54759935 | BH68: =AZ68/'PFAS toxicity'!$L$4*'PFAS toxicity'!$I$3 -> 542188.17 | BI68: =BG68+BH68 -> 55302124 | BK68: 2035 | BL68: =1+'semicondutcor&electronic'!$A$27 -> 1.066 | BM68: =1+'semicondutcor&electronic'!$A$29 -> 1.1195
B72: 6.6%+9%
B73: Results | K73: PFOS as basic | O73: PFOA Basic | S73: CAGR
C74: Use amount | G74: Emission to wastewater | K74: toxicity influence | O74: toxicity influence | T74: Use amount
C75: Electronic | D75: Semiconductor | E75: Total | G75: Electronic | H75: Semiconductor | I75: Total | K75: Electronic | L75: Semiconductor | M75: Total | O75: Electronic | P75: Semiconductor | Q75: Total | T75: Electronic | U75: Semiconductor
B76: 2020 | C76: ='semicondutcor&electronic'!$B$17 -> 28051.177 | D76: ='semicondutcor&electronic'!$B$11 -> 31.363072 | E76: =C76+D76 -> 28082.54 | G76: =C76*'semicondutcor&electronic'!$D$16*'semicondutcor&electronic'!$E$16 -> 2796.9172 | H76: =D76*'semicondutcor&electronic'!$E$16 -> 14.891136 | I76: =G76+H76 -> 2811.8084 | K76: =G76/'PFAS toxicity'!$L$4*'PFAS toxicity'!$H$3 -> 28009128 | L76: =H76/'PFAS toxicity'!$L$4*'PFAS toxicity'!$H$3 -> 149124.09 | M76: =K76+L76 -> 28158252 | O76: =G76/'PFAS toxicity'!$L$4*'PFAS toxicity'!$I$3 -> 21128712 | P76: =H76/'PFAS toxicity'!$L$4*'PFAS toxicity'!$I$3 -> 112491.9 | Q76: =O76+P76 -> 21241204 | S76: 2020 | T76: ='semicondutcor&electronic'!$A$36^(1/4) -> 1.0542475 | U76: ='semicondutcor&electronic'!$A$35^(1/4) -> 1.0928425
B77: 2021 | C77: =C76*T76 -> 29572.884 | D77: =D76*U76 -> 34.274897 | E77: =C77+D77 -> 29607.159 | G77: =C77*'semicondutcor&electronic'!$D$16*'semicondutcor&electronic'!$E$16 -> 2948.6431 | H77: =D77*'semicondutcor&electronic'!$E$16 -> 16.273666 | I77: =G77+H77 -> 2964.9167 | K77: =G77/'PFAS toxicity'!$L$4*'PFAS toxicity'!$H$3 -> 29528554 | L77: =H77/'PFAS toxicity'!$L$4*'PFAS toxicity'!$H$3 -> 162969.14 | M77: =K77+L77 -> 29691523 | O77: =G77/'PFAS toxicity'!$L$4*'PFAS toxicity'!$I$3 -> 22274892 | P77: =H77/'PFAS toxicity'!$L$4*'PFAS toxicity'!$I$3 -> 122935.92 | Q77: =O77+P77 -> 22397828 | S77: 2021 | T77: ='semicondutcor&electronic'!$A$36^(1/4) -> 1.0542475 | U77: ='semicondutcor&electronic'!$A$35^(1/4) -> 1.0928425
B78: 2022 | C78: =C77*T77 -> 31177.14 | D78: =D77*U77 -> 37.457063 | E78: =C78+D78 -> 31214.597 | G78: =C78*'semicondutcor&electronic'!$D$16*'semicondutcor&electronic'!$E$16 -> 3108.5997 | H78: =D78*'semicondutcor&electronic'!$E$16 -> 17.784553 | I78: =G78+H78 -> 3126.3842 | K78: =G78/'PFAS toxicity'!$L$4*'PFAS toxicity'!$H$3 -> 31130405 | L78: =H78/'PFAS toxicity'!$L$4*'PFAS toxicity'!$H$3 -> 178099.6 | M78: =K78+L78 -> 31308505 | O78: =G78/'PFAS toxicity'!$L$4*'PFAS toxicity'!$I$3 -> 23483250 | P78: =H78/'PFAS toxicity'!$L$4*'PFAS toxicity'!$I$3 -> 134349.6 | Q78: =O78+P78 -> 23617600 | S78: 2022 | T78: ='semicondutcor&electronic'!$A$36^(1/4) -> 1.0542475 | U78: ='semicondutcor&electronic'!$A$35^(1/4) -> 1.0928425
B79: 2023 | C79: =C78*T78 -> 32868.423 | D79: =D78*U78 -> 40.93467 | E79: =C79+D79 -> 32909.357 | G79: =C79*'semicondutcor&electronic'!$D$16*'semicondutcor&electronic'!$E$16 -> 3277.2336 | H79: =D79*'semicondutcor&electronic'!$E$16 -> 19.435715 | I79: =G79+H79 -> 3296.6693 | K79: =G79/'PFAS toxicity'!$L$4*'PFAS toxicity'!$H$3 -> 32819153 | L79: =H79/'PFAS toxicity'!$L$4*'PFAS toxicity'!$H$3 -> 194634.8 | M79: =K79+L79 -> 33013788 | O79: =G79/'PFAS toxicity'!$L$4*'PFAS toxicity'!$I$3 -> 24757159 | P79: =H79/'PFAS toxicity'!$L$4*'PFAS toxicity'!$I$3 -> 146822.94 | Q79: =O79+P79 -> 24903982 | S79: 2023 | T79: ='semicondutcor&electronic'!$A$36^(1/4) -> 1.0542475 | U79: ='semicondutcor&electronic'!$A$35^(1/4) -> 1.0928425
B80: 2024 | C80: =C79*T79 -> 34651.453 | D80: =D79*U79 -> 44.735145 | E80: =C80+D80 -> 34696.189 | G80: =C80*'semicondutcor&electronic'!$D$16*'semicondutcor&electronic'!$E$16 -> 3455.0154 | H80: =D80*'semicondutcor&electronic'!$E$16 -> 21.240175 | I80: =G80+H80 -> 3476.2556 | K80: =G80/'PFAS toxicity'!$L$4*'PFAS toxicity'!$H$3 -> 34599511 | L80: =H80/'PFAS toxicity'!$L$4*'PFAS toxicity'!$H$3 -> 212705.18 | M80: =K80+L80 -> 34812216 | O80: =G80/'PFAS toxicity'!$L$4*'PFAS toxicity'!$I$3 -> 26100173 | P80: =H80/'PFAS toxicity'!$L$4*'PFAS toxicity'!$I$3 -> 160454.35 | Q80: =O80+P80 -> 26260628 | S80: 2024 | T80: ='semicondutcor&electronic'!$A$36^(1/4) -> 1.0542475 | U80: ='semicondutcor&electronic'!$A$35^(1/4) -> 1.0928425
B81: 2025 | C81: =C80*T80 -> 36531.209 | D81: =D80*U80 -> 48.888467 | E81: =C81+D81 -> 36580.098 | G81: =C81*'semicondutcor&electronic'!$D$16*'semicondutcor&electronic'!$E$16 -> 3642.4414 | H81: =D81*'semicondutcor&electronic'!$E$16 -> 23.212165 | I81: =G81+H81 -> 3665.6536 | K81: =G81/'PFAS toxicity'!$L$4*'PFAS toxicity'!$H$3 -> 36476449 | L81: =H81/'PFAS toxicity'!$L$4*'PFAS toxicity'!$H$3 -> 232453.25 | M81: =K81+L81 -> 36708903 | O81: =G81/'PFAS toxicity'!$L$4*'PFAS toxicity'!$I$3 -> 27516043 | P81: =H81/'PFAS toxicity'!$L$4*'PFAS toxicity'!$I$3 -> 175351.33 | Q81: =O81+P81 -> 27691395 | S81: 2025 | T81: =1+'semicondutcor&electronic'!$A$27 -> 1.066 | U81: =1+'semicondutcor&electronic'!$A$31 -> 1.09
B82: 2026 | C82: =C81*T81 -> 38942.269 | D82: =D81*U81 -> 53.288429 | E82: =C82+D82 -> 38995.558 | G82: =C82*'semicondutcor&electronic'!$D$16*'semicondutcor&electronic'!$E$16 -> 3882.8426 | H82: =D82*'semicondutcor&electronic'!$E$16 -> 25.30126 | I82: =G82+H82 -> 3908.1438 | K82: =G82/'PFAS toxicity'!$L$4*'PFAS toxicity'!$H$3 -> 38883895 | L82: =H82/'PFAS toxicity'!$L$4*'PFAS toxicity'!$H$3 -> 253374.05 | M82: =K82+L82 -> 39137269 | O82: =G82/'PFAS toxicity'!$L$4*'PFAS toxicity'!$I$3 -> 29332102 | P82: =H82/'PFAS toxicity'!$L$4*'PFAS toxicity'!$I$3 -> 191132.95 | Q82: =O82+P82 -> 29523235 | S82: 2026 | T82: =1+'semicondutcor&electronic'!$A$27 -> 1.066 | U82: =1+'semicondutcor&electronic'!$A$31 -> 1.09
B83: 2027 | C83: =C82*T82 -> 41512.459 | D83: =D82*U82 -> 58.084387 | E83: =C83+D83 -> 41570.543 | G83: =C83*'semicondutcor&electronic'!$D$16*'semicondutcor&electronic'!$E$16 -> 4139.1102 | H83: =D83*'semicondutcor&electronic'!$E$16 -> 27.578373 | I83: =G83+H83 -> 4166.6886 | K83: =G83/'PFAS toxicity'!$L$4*'PFAS toxicity'!$H$3 -> 41450232 | L83: =H83/'PFAS toxicity'!$L$4*'PFAS toxicity'!$H$3 -> 276177.71 | M83: =K83+L83 -> 41726410 | O83: =G83/'PFAS toxicity'!$L$4*'PFAS toxicity'!$I$3 -> 31268021 | P83: =H83/'PFAS toxicity'!$L$4*'PFAS toxicity'!$I$3 -> 208334.91 | Q83: =O83+P83 -> 31476356 | S83: 2027 | T83: =1+'semicondutcor&electronic'!$A$27 -> 1.066 | U83: =1+'semicondutcor&electronic'!$A$31 -> 1.09
B84: 2028 | C84: =C83*T83 -> 44252.281 | D84: =D83*U83 -> 63.311982 | E84: =C84+D84 -> 44315.593 | G84: =C84*'semicondutcor&electronic'!$D$16*'semicondutcor&electronic'!$E$16 -> 4412.2915 | H84: =D84*'semicondutcor&electronic'!$E$16 -> 30.060427 | I84: =G84+H84 -> 4442.3519 | K84: =G84/'PFAS toxicity'!$L$4*'PFAS toxicity'!$H$3 -> 44185947 | L84: =H84/'PFAS toxicity'!$L$4*'PFAS toxicity'!$H$3 -> 301033.71 | M84: =K84+L84 -> 44486981 | O84: =G84/'PFAS toxicity'!$L$4*'PFAS toxicity'!$I$3 -> 33331710 | P84: =H84/'PFAS toxicity'!$L$4*'PFAS toxicity'!$I$3 -> 227085.06 | Q84: =O84+P84 -> 33558795 | S84: 2028 | T84: =1+'semicondutcor&electronic'!$A$27 -> 1.066 | U84: =1+'semicondutcor&electronic'!$A$31 -> 1.09
B85: 2029 | C85: =C84*T84 -> 47172.932 | D85: =D84*U84 -> 69.010061 | E85: =C85+D85 -> 47241.942 | G85: =C85*'semicondutcor&electronic'!$D$16*'semicondutcor&electronic'!$E$16 -> 4703.5027 | H85: =D85*'semicondutcor&electronic'!$E$16 -> 32.765866 | I85: =G85+H85 -> 4736.2686 | K85: =G85/'PFAS toxicity'!$L$4*'PFAS toxicity'!$H$3 -> 47102220 | L85: =H85/'PFAS toxicity'!$L$4*'PFAS toxicity'!$H$3 -> 328126.74 | M85: =K85+L85 -> 47430347 | O85: =G85/'PFAS toxicity'!$L$4*'PFAS toxicity'!$I$3 -> 35531603 | P85: =H85/'PFAS toxicity'!$L$4*'PFAS toxicity'!$I$3 -> 247522.71 | Q85: =O85+P85 -> 35779126 | S85: 2029 | T85: =1+'semicondutcor&electronic'!$A$27 -> 1.066 | U85: =1+'semicondutcor&electronic'!$A$31 -> 1.09
B86: 2030 | C86: =C85*T85 -> 50286.345 | D86: =D85*U85 -> 75.220966 | E86: =C86+D86 -> 50361.566 | G86: =C86*'semicondutcor&electronic'!$D$16*'semicondutcor&electronic'!$E$16 -> 5013.9339 | H86: =D86*'semicondutcor&electronic'!$E$16 -> 35.714793 | I86: =G86+H86 -> 5049.6487 | K86: =G86/'PFAS toxicity'!$L$4*'PFAS toxicity'!$H$3 -> 50210966 | L86: =H86/'PFAS toxicity'!$L$4*'PFAS toxicity'!$H$3 -> 357658.15 | M86: =K86+L86 -> 50568625 | O86: =G86/'PFAS toxicity'!$L$4*'PFAS toxicity'!$I$3 -> 37876689 | P86: =H86/'PFAS toxicity'!$L$4*'PFAS toxicity'!$I$3 -> 269799.75 | Q86: =O86+P86 -> 38146489 | S86: 2030 | T86: =1+'semicondutcor&electronic'!$A$27 -> 1.066 | U86: =1+'semicondutcor&electronic'!$A$31 -> 1.09
B87: 2031 | C87: =C86*T86 -> 53605.244 | D87: =D86*U86 -> 81.990853 | E87: =C87+D87 -> 53687.235 | G87: =C87*'semicondutcor&electronic'!$D$16*'semicondutcor&electronic'!$E$16 -> 5344.8535 | H87: =D87*'semicondutcor&electronic'!$E$16 -> 38.929125 | I87: =G87+H87 -> 5383.7826 | K87: =G87/'PFAS toxicity'!$L$4*'PFAS toxicity'!$H$3 -> 53524890 | L87: =H87/'PFAS toxicity'!$L$4*'PFAS toxicity'!$H$3 -> 389847.38 | M87: =K87+L87 -> 53914738 | O87: =G87/'PFAS toxicity'!$L$4*'PFAS toxicity'!$I$3 -> 40376551 | P87: =H87/'PFAS toxicity'!$L$4*'PFAS toxicity'!$I$3 -> 294081.73 | Q87: =O87+P87 -> 40670632 | S87: 2031 | T87: =1+'semicondutcor&electronic'!$A$27 -> 1.066 | U87: =1+'semicondutcor&electronic'!$A$31 -> 1.09
B88: 2032 | C88: =C87*T87 -> 57143.19 | D88: =D87*U87 -> 89.37003 | E88: =C88+D88 -> 57232.56 | G88: =C88*'semicondutcor&electronic'!$D$16*'semicondutcor&electronic'!$E$16 -> 5697.6138 | H88: =D88*'semicondutcor&electronic'!$E$16 -> 42.432746 | I88: =G88+H88 -> 5740.0466 | K88: =G88/'PFAS toxicity'!$L$4*'PFAS toxicity'!$H$3 -> 57057533 | L88: =H88/'PFAS toxicity'!$L$4*'PFAS toxicity'!$H$3 -> 424933.64 | M88: =K88+L88 -> 57482467 | O88: =G88/'PFAS toxicity'!$L$4*'PFAS toxicity'!$I$3 -> 43041403 | P88: =H88/'PFAS toxicity'!$L$4*'PFAS toxicity'!$I$3 -> 320549.09 | Q88: =O88+P88 -> 43361952 | S88: 2032 | T88: =1+'semicondutcor&electronic'!$A$27 -> 1.066 | U88: =1+'semicondutcor&electronic'!$A$31 -> 1.09
B89: 2033 | C89: =C88*T88 -> 60914.641 | D89: =D88*U88 -> 97.413333 | E89: =C89+D89 -> 61012.054 | G89: =C89*'semicondutcor&electronic'!$D$16*'semicondutcor&electronic'!$E$16 -> 6073.6564 | H89: =D89*'semicondutcor&electronic'!$E$16 -> 46.251693 | I89: =G89+H89 -> 6119.9081 | K89: =G89/'PFAS toxicity'!$L$4*'PFAS toxicity'!$H$3 -> 60823330 | L89: =H89/'PFAS toxicity'!$L$4*'PFAS toxicity'!$H$3 -> 463177.67 | M89: =K89+L89 -> 61286508 | O89: =G89/'PFAS toxicity'!$L$4*'PFAS toxicity'!$I$3 -> 45882135 | P89: =H89/'PFAS toxicity'!$L$4*'PFAS toxicity'!$I$3 -> 349398.51 | Q89: =O89+P89 -> 46231534 | S89: 2033 | T89: =1+'semicondutcor&electronic'!$A$27 -> 1.066 | U89: =1+'semicondutcor&electronic'!$A$31 -> 1.09
B90: 2034 | C90: =C89*T89 -> 64935.007 | D90: =D89*U89 -> 106.18053 | E90: =C90+D90 -> 65041.187 | G90: =C90*'semicondutcor&electronic'!$D$16*'semicondutcor&electronic'!$E$16 -> 6474.5177 | H90: =D90*'semicondutcor&electronic'!$E$16 -> 50.414346 | I90: =G90+H90 -> 6524.932 | K90: =G90/'PFAS toxicity'!$L$4*'PFAS toxicity'!$H$3 -> 64837670 | L90: =H90/'PFAS toxicity'!$L$4*'PFAS toxicity'!$H$3 -> 504863.66 | M90: =K90+L90 -> 65342534 | O90: =G90/'PFAS toxicity'!$L$4*'PFAS toxicity'!$I$3 -> 48910356 | P90: =H90/'PFAS toxicity'!$L$4*'PFAS toxicity'!$I$3 -> 380844.37 | Q90: =O90+P90 -> 49291201 | S90: 2034 | T90: =1+'semicondutcor&electronic'!$A$27 -> 1.066 | U90: =1+'semicondutcor&electronic'!$A$31 -> 1.09
B91: 2035 | C91: =C90*T90 -> 69220.717 | D91: =D90*U90 -> 115.73678 | E91: =C91+D91 -> 69336.454 | G91: =C91*'semicondutcor&electronic'!$D$16*'semicondutcor&electronic'!$E$16 -> 6901.8358 | H91: =D91*'semicondutcor&electronic'!$E$16 -> 54.951637 | I91: =G91+H91 -> 6956.7875 | K91: =G91/'PFAS toxicity'!$L$4*'PFAS toxicity'!$H$3 -> 69116956 | L91: =H91/'PFAS toxicity'!$L$4*'PFAS toxicity'!$H$3 -> 550301.39 | M91: =K91+L91 -> 69667258 | O91: =G91/'PFAS toxicity'!$L$4*'PFAS toxicity'!$I$3 -> 52138440 | P91: =H91/'PFAS toxicity'!$L$4*'PFAS toxicity'!$I$3 -> 415120.36 | Q91: =O91+P91 -> 52553560 | S91: 2035 | T91: =1+'semicondutcor&electronic'!$A$27 -> 1.066 | U91: =1+'semicondutcor&electronic'!$A$31 -> 1.09
B95: 5.68%+9%
B96: Results | K96: PFOS as basic | O96: PFOA Basic | S96: CAGR
C97: Use amount | G97: Emission to wastewater | K97: toxicity influence | O97: toxicity influence | T97: Use amount
C98: Electronic | D98: Semiconductor | E98: Total | G98: Electronic | H98: Semiconductor | I98: Total | K98: Electronic | L98: Semiconductor | M98: Total | O98: Electronic | P98: Semiconductor | Q98: Total | T98: Electronic | U98: Semiconductor
B99: 2020 | C99: ='semicondutcor&electronic'!$B$17 -> 28051.177 | D99: ='semicondutcor&electronic'!$B$11 -> 31.363072 | E99: =C99+D99 -> 28082.54 | G99: =C99*'semicondutcor&electronic'!$D$16*'semicondutcor&electronic'!$E$16 -> 2796.9172 | H99: =D99*'semicondutcor&electronic'!$E$16 -> 14.891136 | I99: =G99+H99 -> 2811.8084 | K99: =G99/'PFAS toxicity'!$L$4*'PFAS toxicity'!$H$3 -> 28009128 | L99: =H99/'PFAS toxicity'!$L$4*'PFAS toxicity'!$H$3 -> 149124.09 | M99: =K99+L99 -> 28158252 | O99: =G99/'PFAS toxicity'!$L$4*'PFAS toxicity'!$I$3 -> 21128712 | P99: =H99/'PFAS toxicity'!$L$4*'PFAS toxicity'!$I$3 -> 112491.9 | Q99: =O99+P99 -> 21241204 | S99: 2020 | T99: ='semicondutcor&electronic'!$A$36^(1/4) -> 1.0542475 | U99: ='semicondutcor&electronic'!$A$35^(1/4) -> 1.0928425
B100: 2021 | C100: =C99*T99 -> 29572.884 | D100: =D99*U99 -> 34.274897 | E100: =C100+D100 -> 29607.159 | G100: =C100*'semicondutcor&electronic'!$D$16*'semicondutcor&electronic'!$E$16 -> 2948.6431 | H100: =D100*'semicondutcor&electronic'!$E$16 -> 16.273666 | I100: =G100+H100 -> 2964.9167 | K100: =G100/'PFAS toxicity'!$L$4*'PFAS toxicity'!$H$3 -> 29528554 | L100: =H100/'PFAS toxicity'!$L$4*'PFAS toxicity'!$H$3 -> 162969.14 | M100: =K100+L100 -> 29691523 | O100: =G100/'PFAS toxicity'!$L$4*'PFAS toxicity'!$I$3 -> 22274892 | P100: =H100/'PFAS toxicity'!$L$4*'PFAS toxicity'!$I$3 -> 122935.92 | Q100: =O100+P100 -> 22397828 | S100: 2021 | T100: ='semicondutcor&electronic'!$A$36^(1/4) -> 1.0542475 | U100: ='semicondutcor&electronic'!$A$35^(1/4) -> 1.0928425
B101: 2022 | C101: =C100*T100 -> 31177.14 | D101: =D100*U100 -> 37.457063 | E101: =C101+D101 -> 31214.597 | G101: =C101*'semicondutcor&electronic'!$D$16*'semicondutcor&electronic'!$E$16 -> 3108.5997 | H101: =D101*'semicondutcor&electronic'!$E$16 -> 17.784553 | I101: =G101+H101 -> 3126.3842 | K101: =G101/'PFAS toxicity'!$L$4*'PFAS toxicity'!$H$3 -> 31130405 | L101: =H101/'PFAS toxicity'!$L$4*'PFAS toxicity'!$H$3 -> 178099.6 | M101: =K101+L101 -> 31308505 | O101: =G101/'PFAS toxicity'!$L$4*'PFAS toxicity'!$I$3 -> 23483250 | P101: =H101/'PFAS toxicity'!$L$4*'PFAS toxicity'!$I$3 -> 134349.6 | Q101: =O101+P101 -> 23617600 | S101: 2022 | T101: ='semicondutcor&electronic'!$A$36^(1/4) -> 1.0542475 | U101: ='semicondutcor&electronic'!$A$35^(1/4) -> 1.0928425
B102: 2023 | C102: =C101*T101 -> 32868.423 | D102: =D101*U101 -> 40.93467 | E102: =C102+D102 -> 32909.357 | G102: =C102*'semicondutcor&electronic'!$D$16*'semicondutcor&electronic'!$E$16 -> 3277.2336 | H102: =D102*'semicondutcor&electronic'!$E$16 -> 19.435715 | I102: =G102+H102 -> 3296.6693 | K102: =G102/'PFAS toxicity'!$L$4*'PFAS toxicity'!$H$3 -> 32819153 | L102: =H102/'PFAS toxicity'!$L$4*'PFAS toxicity'!$H$3 -> 194634.8 | M102: =K102+L102 -> 33013788 | O102: =G102/'PFAS toxicity'!$L$4*'PFAS toxicity'!$I$3 -> 24757159 | P102: =H102/'PFAS toxicity'!$L$4*'PFAS toxicity'!$I$3 -> 146822.94 | Q102: =O102+P102 -> 24903982 | S102: 2023 | T102: ='semicondutcor&electronic'!$A$36^(1/4) -> 1.0542475 | U102: ='semicondutcor&electronic'!$A$35^(1/4) -> 1.0928425
B103: 2024 | C103: =C102*T102 -> 34651.453 | D103: =D102*U102 -> 44.735145 | E103: =C103+D103 -> 34696.189 | G103: =C103*'semicondutcor&electronic'!$D$16*'semicondutcor&electronic'!$E$16 -> 3455.0154 | H103: =D103*'semicondutcor&electronic'!$E$16 -> 21.240175 | I103: =G103+H103 -> 3476.2556 | K103: =G103/'PFAS toxicity'!$L$4*'PFAS toxicity'!$H$3 -> 34599511 | L103: =H103/'PFAS toxicity'!$L$4*'PFAS toxicity'!$H$3 -> 212705.18 | M103: =K103+L103 -> 34812216 | O103: =G103/'PFAS toxicity'!$L$4*'PFAS toxicity'!$I$3 -> 26100173 | P103: =H103/'PFAS toxicity'!$L$4*'PFAS toxicity'!$I$3 -> 160454.35 | Q103: =O103+P103 -> 26260628 | S103: 2024 | T103: ='semicondutcor&electronic'!$A$36^(1/4) -> 1.0542475 | U103: ='semicondutcor&electronic'!$A$35^(1/4) -> 1.0928425
B104: 2025 | C104: =C103*T103 -> 36531.209 | D104: =D103*U103 -> 48.888467 | E104: =C104+D104 -> 36580.098 | G104: =C104*'semicondutcor&electronic'!$D$16*'semicondutcor&electronic'!$E$16 -> 3642.4414 | H104: =D104*'semicondutcor&electronic'!$E$16 -> 23.212165 | I104: =G104+H104 -> 3665.6536 | K104: =G104/'PFAS toxicity'!$L$4*'PFAS toxicity'!$H$3 -> 36476449 | L104: =H104/'PFAS toxicity'!$L$4*'PFAS toxicity'!$H$3 -> 232453.25 | M104: =K104+L104 -> 36708903 | O104: =G104/'PFAS toxicity'!$L$4*'PFAS toxicity'!$I$3 -> 27516043 | P104: =H104/'PFAS toxicity'!$L$4*'PFAS toxicity'!$I$3 -> 175351.33 | Q104: =O104+P104 -> 27691395 | S104: 2025 | T104: =1+'semicondutcor&electronic'!$A$26 -> 1.0568 | U104: =1+'semicondutcor&electronic'!$A$31 -> 1.09
B105: 2026 | C105: =C104*T104 -> 38606.182 | D105: =D104*U104 -> 53.288429 | E105: =C105+D105 -> 38659.47 | G105: =C105*'semicondutcor&electronic'!$D$16*'semicondutcor&electronic'!$E$16 -> 3849.3321 | H105: =D105*'semicondutcor&electronic'!$E$16 -> 25.30126 | I105: =G105+H105 -> 3874.6334 | K105: =G105/'PFAS toxicity'!$L$4*'PFAS toxicity'!$H$3 -> 38548312 | L105: =H105/'PFAS toxicity'!$L$4*'PFAS toxicity'!$H$3 -> 253374.05 | M105: =K105+L105 -> 38801686 | O105: =G105/'PFAS toxicity'!$L$4*'PFAS toxicity'!$I$3 -> 29078955 | P105: =H105/'PFAS toxicity'!$L$4*'PFAS toxicity'!$I$3 -> 191132.95 | Q105: =O105+P105 -> 29270088 | S105: 2026 | T105: =1+'semicondutcor&electronic'!$A$26 -> 1.0568 | U105: =1+'semicondutcor&electronic'!$A$31 -> 1.09
B106: 2027 | C106: =C105*T105 -> 40799.013 | D106: =D105*U105 -> 58.084387 | E106: =C106+D106 -> 40857.098 | G106: =C106*'semicondutcor&electronic'!$D$16*'semicondutcor&electronic'!$E$16 -> 4067.9742 | H106: =D106*'semicondutcor&electronic'!$E$16 -> 27.578373 | I106: =G106+H106 -> 4095.5526 | K106: =G106/'PFAS toxicity'!$L$4*'PFAS toxicity'!$H$3 -> 40737856 | L106: =H106/'PFAS toxicity'!$L$4*'PFAS toxicity'!$H$3 -> 276177.71 | M106: =K106+L106 -> 41014033 | O106: =G106/'PFAS toxicity'!$L$4*'PFAS toxicity'!$I$3 -> 30730639 | P106: =H106/'PFAS toxicity'!$L$4*'PFAS toxicity'!$I$3 -> 208334.91 | Q106: =O106+P106 -> 30938974 | S106: 2027 | T106: =1+'semicondutcor&electronic'!$A$26 -> 1.0568 | U106: =1+'semicondutcor&electronic'!$A$31 -> 1.09
B107: 2028 | C107: =C106*T106 -> 43116.397 | D107: =D106*U106 -> 63.311982 | E107: =C107+D107 -> 43179.709 | G107: =C107*'semicondutcor&electronic'!$D$16*'semicondutcor&electronic'!$E$16 -> 4299.0351 | H107: =D107*'semicondutcor&electronic'!$E$16 -> 30.060427 | I107: =G107+H107 -> 4329.0955 | K107: =G107/'PFAS toxicity'!$L$4*'PFAS toxicity'!$H$3 -> 43051766 | L107: =H107/'PFAS toxicity'!$L$4*'PFAS toxicity'!$H$3 -> 301033.71 | M107: =K107+L107 -> 43352800 | O107: =G107/'PFAS toxicity'!$L$4*'PFAS toxicity'!$I$3 -> 32476140 | P107: =H107/'PFAS toxicity'!$L$4*'PFAS toxicity'!$I$3 -> 227085.06 | Q107: =O107+P107 -> 32703225 | S107: 2028 | T107: =1+'semicondutcor&electronic'!$A$26 -> 1.0568 | U107: =1+'semicondutcor&electronic'!$A$31 -> 1.09
B108: 2029 | C108: =C107*T107 -> 45565.408 | D108: =D107*U107 -> 69.010061 | E108: =C108+D108 -> 45634.419 | G108: =C108*'semicondutcor&electronic'!$D$16*'semicondutcor&electronic'!$E$16 -> 4543.2203 | H108: =D108*'semicondutcor&electronic'!$E$16 -> 32.765866 | I108: =G108+H108 -> 4575.9862 | K108: =G108/'PFAS toxicity'!$L$4*'PFAS toxicity'!$H$3 -> 45497106 | L108: =H108/'PFAS toxicity'!$L$4*'PFAS toxicity'!$H$3 -> 328126.74 | M108: =K108+L108 -> 45825233 | O108: =G108/'PFAS toxicity'!$L$4*'PFAS toxicity'!$I$3 -> 34320784 | P108: =H108/'PFAS toxicity'!$L$4*'PFAS toxicity'!$I$3 -> 247522.71 | Q108: =O108+P108 -> 34568307 | S108: 2029 | T108: =1+'semicondutcor&electronic'!$A$26 -> 1.0568 | U108: =1+'semicondutcor&electronic'!$A$31 -> 1.09
B109: 2030 | C109: =C108*T108 -> 48153.524 | D109: =D108*U108 -> 75.220966 | E109: =C109+D109 -> 48228.745 | G109: =C109*'semicondutcor&electronic'!$D$16*'semicondutcor&electronic'!$E$16 -> 4801.2752 | H109: =D109*'semicondutcor&electronic'!$E$16 -> 35.714793 | I109: =G109+H109 -> 4836.99 | K109: =G109/'PFAS toxicity'!$L$4*'PFAS toxicity'!$H$3 -> 48081342 | L109: =H109/'PFAS toxicity'!$L$4*'PFAS toxicity'!$H$3 -> 357658.15 | M109: =K109+L109 -> 48439000 | O109: =G109/'PFAS toxicity'!$L$4*'PFAS toxicity'!$I$3 -> 36270205 | P109: =H109/'PFAS toxicity'!$L$4*'PFAS toxicity'!$I$3 -> 269799.75 | Q109: =O109+P109 -> 36540005 | S109: 2030 | T109: =1+'semicondutcor&electronic'!$A$26 -> 1.0568 | U109: =1+'semicondutcor&electronic'!$A$31 -> 1.09
